Literature number,PMID,Title,Authors,Citation,First Author,Journal/Book,Publication Year,Create Date,PMCID,NIHMS ID,DOI,,Eligible,Remarks,Health outcome,Hazard/s,Population,Remarks2,Location/s,doi/link
5,35585385,Climate Change and Cascading Risks from Infectious Disease,"Semenza JC, Rockl?v J, Ebi KL.",Infect Dis Ther. 2022 Aug,11(4):1371-1390. doi: 10.1007/s40121-022-00647-3. Epub 2022 May 19.,Semenza JC,Infect Dis Ther,2022,5/18/2022,PMC9334478,,10.1007/s40121-022-00647-3,Yes,Noted several papers highlighting climate hazards and health outcomes.,Diarrhea,Cyclone,General population,,Mozambique,https://doi.org/10.1136/bmjgh-2021- 006778
,,,,,,,,,,,,,Yes,,Malaria,Cyclone,General population,,Mozambique,https://doi.org/10.1136/bmjgh-2021- 006778
,,,,,,,,,,,,,Yes,,Cholera,Drought,General population,,Africa,https://doi.org/10.1186/s12879-021-06856-4
,,,,,,,,,,,,,Yes,,Infectious disease,Drought,General population,,Africa,https://doi.org/10.1186/s12879-021-06856-4
6,35352307,"A Review on Climate, Air Pollution, and Health in North Africa","Imane S, Oumaima B, Kenza K, Laila I, Youssef EM, Zineb S, Mohamed EJ.",Curr Environ Health Rep. 2022 Jun,9(2):276-298. doi: 10.1007/s40572-022-00350-y. Epub 2022 Mar 30.,Imane S,Curr Environ Health Rep,2022,3/30/2022,PMC8964241,,10.1007/s40572-022-00350-y,Yes,Noted several papers highlighting climate hazards and health outcomes.,All-cause mortality,Temperature,General population,,Tunisia,https://doi.org/10.1016/j.respe.2019.09.007
,,,,,,,,,,,,,Yes,,Typhoid fever,Temperature,General population,,Morocco,https://doi.org/10.1016/j.respe.2019.09.006
,,,,,,,,,,,,,Yes,,Leishmaniasis,Temperature,General population,,Morocco,https://doi.org/10.1155/2020/6948650
,,,,,,,,,,,,,Yes,,Leishmaniasis,Relative humidity,General population,,Morocco,https://doi.org/10.1155/2020/6948650
,,,,,,,,,,,,,Yes,,COVID-19,Temperature,General population,,Tunisia,https://doi.org/10.3389/fpubh.2020.554964
,,,,,,,,,,,,,Yes,,COVID-19,Temperature,General population,,Morocco,https://doi.org/10.3389/fpubh.2020.554964
,,,,,,,,,,,,,Yes,,COVID-19,Temperature,General population,,Algeria,https://doi.org/10.12669/pjms.36.COVID19-S4.2809
,,,,,,,,,,,,,Yes,,COVID-19,Relative humidity,General population,,Algeria,https://doi.org/10.12669/pjms.36.COVID19-S4.2809
,,,,,,,,,,,,,Yes,,Suicide,Solar,General population,,Tunisia,https://doi.org/10.1016/j.jpsychires.2019.03.001
8,35371912,Climate change and emergency care in Africa: A scoping review,"Theron E, Bills CB, Calvello Hynes EJ, Stassen W, Rublee C.",Afr J Emerg Med. 2022 Jun,12(2):121-128. doi: 10.1016/j.afjem.2022.02.003. Epub 2022 Mar 26.,Theron E,Afr J Emerg Med,2022,04/04/2022,PMC8958270,,10.1016/j.afjem.2022.02.003,Yes,Noted several papers highlighting climate hazards and health outcomes.,Injury,Flood,General population,,Uganda,https://doi.org/10.1017/S1049023X13000356
10,30200277,Impacts of Climate Change on Health and Wellbeing in South Africa,"Chersich MF, Wright CY, Venter F, Rees H, Scorgie F, Erasmus B.",Int J Environ Res Public Health. 2018 Aug 31,15(9):1884. doi: 10.3390/ijerph15091884.,Chersich MF,Int J Environ Res Public Health,2018,09/12/2018,PMC6164733,,10.3390/ijerph15091884,Yes,Noted several papers highlighting climate hazards and health outcomes.,Malaria,Temperature,General population,,South Africa,https://doi.org/10.3390/ijerph14111360
,,,,,,,,,,,,,Yes,,Malaria,Rainfall,General population,,South Africa,https://doi.org/10.3390/ijerph14111360
,,,,,,,,,,,,,Yes,,Malaria,Relative humidity,General population,,South Africa,https://doi.org/10.3390/ijerph14111360
,,,,,,,,,,,,,Yes,,Heat-health effects,Temperature,Child population,,South Africa,https://doi.org/10.3390/ijerph13060566
,,,,,,,,,,,,,Yes,,Malaria,Temperature,General population,,South Africa,https://doi.org/10.1038/s41598-017-02680-6
,,,,,,,,,,,,,Yes,,Malaria,Rainfall,General population,,South Africa,https://doi.org/10.1038/s41598-017-02680-6
,,,,,,,,,,,,,Yes,,Malaria,Wind,General population,,South Africa,https://doi.org/10.1038/s41598-017-02680-6
,,,,,,,,,,,,,Yes,,Malaria,Temperature,Vulnerable population,,South Africa,https://doi.org/10.1007/s10393-014-0992-1
,,,,,,,,,,,,,Yes,,Malaria,Rainfall,Vulnerable population,,South Africa,https://doi.org/10.1007/s10393-014-0992-1
,,,,,,,,,,,,,Yes,,Diarrhea,Temperature,Child population,,South Africa,https://doi.org/10.3390/ijerph13090859
,,,,,,,,,,,,,Yes,,All-cause mortality,Temperature,General population,,Eastern and Western Cape ,https://doi.org/10.1016/j.envres.2012.01.004
,,,,,,,,,,,,,Yes,,All-cause mortality,Temperature,Elderly population,>65 years old are at higher risk,South Africa,https://doi.org/10.1016/j.scitotenv.2017.02.135
12,36165751,Climate change and mental health within the African context,Dos Santos M.,Int Rev Psychiatry. 2022 Aug,34(5):510-512. doi: 10.1080/09540261.2022.2093626.,Dos Santos M,Int Rev Psychiatry,2022,9/27/2022,,,10.1080/09540261.2022.2093626,Yes,,Mental health,Drought,General population,,Africa,https://cer.org.za/reports/the-psychological-and-mental-health-consequences-of-climate-change-in-south-africa
,,,,,,,,,,,,,Yes,,Mental health,Wildfire,General population,,Africa,https://cer.org.za/reports/the-psychological-and-mental-health-consequences-of-climate-change-in-south-africa
,,,,,,,,,,,,,Yes,,Mental health,Flood,General population,,Africa,https://cer.org.za/reports/the-psychological-and-mental-health-consequences-of-climate-change-in-south-africa
14,33925753,Climate Change and Health Preparedness in Africa: Analysing Trends in Six African Countries,"Opoku SK, Leal Filho W, Hubert F, Adejumo O.",Int J Environ Res Public Health. 2021 Apr 27,18(9):4672. doi: 10.3390/ijerph18094672.,Opoku SK,Int J Environ Res Public Health,2021,4/30/2021,PMC8124714,,10.3390/ijerph18094672,Yes,Noted several papers highlighting climate hazards and health outcomes.,Diarrhea,Flood,Sample population,,Ghana,https://doi.org/10.3390/ijerph15122830
,,,,,,,,,,,,,Yes,,Cholera,Temperature,General population,,Nigeria,10.1016/j.healthplace.2015.04.006
,,,,,,,,,,,,,Yes,,Cholera,Relative humidity,General population,,Nigeria,10.1016/j.healthplace.2015.04.006
,,,,,,,,,,,,,Yes,,Diarrhea,Temperature,Child population,,Ethiopia,https://doi.org/10.1371/journal.pone.0186933
,,,,,,,,,,,,,Yes,,Diarrhea,Rainfall,Child population,,Ethiopia,https://doi.org/10.1371/journal.pone.0186933
,,,,,,,,,,,,,Yes,,Diarrhea,Temperature,Child population,,Kenya,10.1111/j.1348-0421.1997.tb01925.x
,,,,,,,,,,,,,Yes,,Diarrhea,Rainfall,Child population,,Kenya,10.1111/j.1348-0421.1997.tb01925.x
,,,,,,,,,,,,,Yes,,Malaria,Temperature,General population,Mortality,Ghana,https://doi.org/10.1016/j.apgeog.2014.10.010
,,,,,,,,,,,,,Yes,,Malaria,Relative humidity,General population,Morbidity,Ghana,https://doi.org/10.1016/j.apgeog.2014.10.010
,,,,,,,,,,,,,Yes,,Malaria,Temperature,General population,Mortality,Nigeria,10.4236/ajcc.2015.41004
,,,,,,,,,,,,,Yes,,Malaria,SST,General population,Mortality,Nigeria,10.4236/ajcc.2015.41004
,,,,,,,,,,,,,Yes,,Malaria,Temperature,General population,Morbidity,South Africa,https://doi.org/10.3390/ijerph14111360
,,,,,,,,,,,,,Yes,,Malaria,Relative humidity,General population,Morbidity,South Africa,https://doi.org/10.3390/ijerph14111360
,,,,,,,,,,,,,Yes,,Malaria,Rainfall,General population,Morbidity,South Africa,https://doi.org/10.3390/ijerph14111360
,,,,,,,,,,,,,Yes,,Leishmaniasis,Temperature,General population,Visceral,Ethiopia,https://doi.org/10.4081/gh.2013.88
,,,,,,,,,,,,,Yes,,Leishmaniasis,Rainfall,General population,Visceral,Ethiopia,https://doi.org/10.4081/gh.2013.88
,,,,,,,,,,,,,Yes,,Malaria,Temperature,General population,Morbidity,Kenya,https://doi.org/10.1186/s12936-017-1848-2
,,,,,,,,,,,,,Yes,,Malaria,Rainfall,General population,Morbidity,Kenya,https://doi.org/10.1186/s12936-017-1848-2
,,,,,,,,,,,,,Yes,,Heat-health effects,Temperature,General population,,Nigeria,https://doi.org/10.3390/cli3040775
,,,,,,,,,,,,,Yes,,Mental health,Flood,General population,,Ghana, https://doi.org/10.3844/crpsp.2015.15.21
17,32189612,Climate Variability and Malaria over West Africa,"Diouf I, Rodriguez Fonseca B, Caminade C, Thiaw WM, Deme A, Morse AP, Ndione JA, Gaye AT, Diaw A, Ndiaye MKN.",Am J Trop Med Hyg. 2020 May,102(5):1037-1047. doi: 10.4269/ajtmh.19-0062.,Diouf I,Am J Trop Med Hyg,2020,3/20/2020,PMC7204584,,10.4269/ajtmh.19-0062,Yes,,Malaria,Temperature,General population,,West Africa,https://doi.org/10.4269/ajtmh.19-0062
,,,,,,,,,,,,,Yes,,Malaria,Rainfall,General population,,West Africa,https://doi.org/10.4269/ajtmh.19-0062
18,33684412,Major climate change-induced risks to human health in South Africa,"Wright CY, Kapwata T, du Preez DJ, Wernecke B, Garland RM, Nkosi V, Landman WA, Dyson L, Norval M.",Environ Res. 2021 May,196:110973. doi: 10.1016/j.envres.2021.110973. Epub 2021 Mar 6.,Wright CY,Environ Res,2021,03/08/2021,,,10.1016/j.envres.2021.110973,Yes,Noted several papers highlighting climate hazards and health outcomes.,Mortality,Temperature,General population,,South Africa,10.1016/j.envres.2017.11.001
,,,,,,,,,,,,,Yes,,Malaria,Rainfall,General population,Extreme,Eastern and Southern Africa,https://doi.org/10.1371/journal.pone.0092538
,,,,,,,,,,,,,Yes,,Diarrhea,Temperature,Child population,Hospital admission,South Africa,https://doi.org/10.3390/atmos10090522
,,,,,,,,,,,,,Yes,,Diarrhea,Rainfall,Child population,Hospital admission,South Africa,https://doi.org/10.3390/atmos10090522
,,,,,,,,,,,,,Yes,,Nutrition-related,Drought,Child population,,South Africa,https://doi.org/10.1017/S1368980020000105
24,21412082,Climate change and children's health,"Bernstein AS, Myers SS.",Curr Opin Pediatr. 2011 Apr,23(2):221-6. doi: 10.1097/MOP.0b013e3283444c89.,Bernstein AS,Curr Opin Pediatr,2011,3/18/2011,,,10.1097/MOP.0b013e3283444c89,Yes,"However, literatures were already cited in the previous reviews.",,,,,,
26,35377292,"Weather, climate, and climate change research to protect human health in sub-Saharan Africa and South Asia","Nilsson M, Sie A, Muindi K, Bunker A, Ingole V, Ebi KL.",Glob Health Action. 2021 Oct 26,14(sup1):1984014. doi: 10.1080/16549716.2021.1984014.,Nilsson M,Glob Health Action,2021,04/04/2022,PMC8986241,,10.1080/16549716.2021.1984014,Yes,Noted several papers highlighting climate hazards and health outcomes.,All-cause mortality,Temperature,General population,,Nairobi,10.3402/gha.v5i0.19065
,,,,,,,,,,,,,Yes,,All-cause mortality,Rainfall,General population,,Nairobi,10.3402/gha.v5i0.19065
,,,,,,,,,,,,,Yes,,All-cause mortality,Temperature,Child population,0-14 y.o.,Nairobi,10.3402/gha.v5i0.19065
,,,,,,,,,,,,,Yes,,All-cause mortality,Rainfall,Child population,0-14 y.o.,Nairobi,10.3402/gha.v5i0.19065
,,,,,,,,,,,,,Yes,,All-cause mortality,Rainfall,Female population,,Nairobi,10.3402/gha.v5i0.19065
,,,,,,,,,,,,,Yes,,NCD,Rainfall,Vulnerable population,,Nairobi,10.3402/gha.v5i0.19065
,,,,,,,,,,,,,Yes,,Pneumonia,Rainfall,Vulnerable population,Mortality,Nairobi,10.3402/gha.v5i0.19065
,,,,,,,,,,,,,Yes,,NCD,Temperature,General population,All-age and male/stat sig,Burkina Faso,10.1136/bmjopen-2017-018068
41,34201085,Lagged Association between Climate Variables and Hospital Admissions for Pneumonia in South Africa,"Pedder H, Kapwata T, Howard G, Naidoo RN, Kunene Z, Morris RW, Mathee A, Wright CY.",Int J Environ Res Public Health. 2021 Jun 8,18(12):6191. doi: 10.3390/ijerph18126191.,Pedder H,Int J Environ Res Public Health,2021,07/02/2021,PMC8228646,,10.3390/ijerph18126191,Yes,,Pneumonia,Temperature,General population,admission,South Africa,https://doi.org/10.3390/ijerph18126191
,,,,,,,,,,,,,Yes,,Pneumonia,Relative humidity,General population,admission,South Africa,https://doi.org/10.3390/ijerph18126191
,,,,,,,,,,,,,Yes,,Pneumonia,Diurnal Temperature Range,General population,admission,South Africa,https://doi.org/10.3390/ijerph18126191
49,30503929,Adaptation of health systems to climate-related migration in Sub-Saharan Africa: Closing the gap,"Negev M, Teschner N, Rosenthal A, Levine H, Lew-Levy C, Davidovitch N.",Int J Hyg Environ Health. 2019 Mar,222(2):311-314. doi: 10.1016/j.ijheh.2018.10.004. Epub 2018 Nov 28.,Negev M,Int J Hyg Environ Health,2019,12/04/2018,,,10.1016/j.ijheh.2018.10.004,Yes,Noted several papers highlighting climate hazards and health outcomes.,Cholera,Rainfall,Vulnerable population,case report,South Africa,https://doi.org/10.1016/j.ijheh.2006.12.002
,,,,,,,,,,,,,Yes,,Cholera,SST,Vulnerable population,case report,South Africa,https://doi.org/10.1016/j.ijheh.2006.12.002
,,,,,,,,,,,,,Yes,,Malaria,Temperature,Vulnerable population,mortality,Africa,https://doi.org/10.1016/j.ijheh.2018.04.003
,,,,,,,,,,,,,Yes,,Malaria,Drought,Vulnerable population,mortality,Africa,https://doi.org/10.1016/j.ijheh.2018.04.003
,,,,,,,,,,,,,Yes,,Malaria,Temperature,Child population,mortality,Africa,https://doi.org/10.1016/j.ijheh.2018.04.003
,,,,,,,,,,,,,Yes,,Malaria,Drought,Child population,mortality,Africa,https://doi.org/10.1016/j.ijheh.2018.04.003
,,,,,,,,,,,,,Yes,,Diarrhea,Temperature,Child population,"0-13 years old, hospital records",South Africa,https://doi.org/10.3390/ijerph9030831
,,,,,,,,,,,,,Yes,,Respiratory infection,Temperature,Child population,"0-13 years old, hospital records",South Africa,https://doi.org/10.3390/ijerph9030831
,,,,,,,,,,,,,Yes,,Asthma,Temperature,Child population,"0-13 years old, hospital records",South Africa,https://doi.org/10.3390/ijerph9030831
,,,,,,,,,,,,,Yes,,Nutrition-related,Combined temperature and precipitation index,Child population,,Mali,https://doi.org/10.1016/j.apgeog.2011.08.009
,,,,,,,,,,,,,Yes,,Nutrition-related,Combined temperature and precipitation index,Child population,,Mali,https://doi.org/10.1016/j.apgeog.2011.08.009
,,,,,,,,,,,,,Yes,,Anemia,Combined temperature and precipitation index,Child population,,Mali,https://doi.org/10.1016/j.apgeog.2011.08.009
,,,,,,,,,,,,,Yes,,Diarrhea,Temperature,Child population,,SSA,https://doi.org/10.1016/j.apgeog.2011.07.017
,,,,,,,,,,,,,Yes,,Diarrhea,Temperature,Vulnerable population,morbidity,Botswana,https://doi.org/10.3390/ijerph10041202
,,,,,,,,,,,,,Yes,,All-cause mortality,Temperature,General population,,Ghana,10.3402/gha.v5i0.19073
,,,,,,,,,,,,,Yes,,All-cause mortality,Rainfall,General population,,Ghana,10.3402/gha.v5i0.19073
,,,,,,,,,,,,,Yes,,All-cause mortality,Temperature,Child population,,Ghana,10.3402/gha.v5i0.19073
,,,,,,,,,,,,,Yes,,All-cause mortality,Temperature,Elderly population,>60 years old,Ghana,10.3402/gha.v5i0.19073
,,,,,,,,,,,,,Yes,,All-cause mortality,Temperature,Child population,5-19 years old,Ghana,10.3402/gha.v5i0.19073
,,,,,,,,,,,,,Yes,,All-cause mortality,Temperature,Male population,,Ghana,10.3402/gha.v5i0.19073
,,,,,,,,,,,,,Yes,,All-cause mortality,Rainfall,Male population,,Ghana,10.3402/gha.v5i0.19073
,,,,,,,,,,,,,Yes,,All-cause mortality,Temperature,Female population,,Ghana,10.3402/gha.v5i0.19073
,,,,,,,,,,,,,Yes,,All-cause mortality,Temperature,Child population,,Tanzania,https://doi.org/10.3402/gha.v5i0.19068
,,,,,,,,,,,,,Yes,,All-cause mortality,Rainfall,Child population,,Tanzania,https://doi.org/10.3402/gha.v5i0.19068
,,,,,,,,,,,,,Yes,,All-cause mortality,Temperature,General population,,Tanzania,https://doi.org/10.3402/gha.v5i0.19068
,,,,,,,,,,,,,Yes,,All-cause mortality,Temperature,Elderly population,,Tanzania,https://doi.org/10.3402/gha.v5i0.19068
,,,,,,,,,,,,,Yes,,All-cause mortality,Temperature,Elderly population,,Tanzania,https://doi.org/10.3402/gha.v5i0.19068
,,,,,,,,,,,,,Yes,,All-cause mortality,Temperature,Elderly population,,Burkina Faso,https://doi.org/10.3402/gha.v5i0.19078
,,,,,,,,,,,,,Yes,,All-cause mortality,Temperature,Child population,,Burkina Faso,https://doi.org/10.3402/gha.v5i0.19078
,,,,,,,,,,,,,Yes,,Meningitis,Temperature,Vulnerable population,Lab-confirmed cases,Ghana,https://doi.org/10.1007/s13253-012-0095-9
,,,,,,,,,,,,,Yes,,Cholera,Temperature,Vulnerable population,Cholera surveillance records,Zanzibar,https://doi.org/10.4269/ajtmh.2011.10-0277
,,,,,,,,,,,,,Yes,,Cholera,Temperature,Vulnerable population,Cholera medical registry,Zambia,https://doi.org/10.1016/j.trstmh.2008.07.017
,,,,,,,,,,,,,Yes,,Cholera,Temperature,Vulnerable population,Cholera cases ,"Uganda, Kenya, Rwanda, Burundi, Tanzania,Malawi, Zambia, Mozambique",https://doi.org/10.1007/s10393-009-0264-7
,,,,,,,,,,,,,Yes,,Ebola virus disease,Temperature,Vulnerable population,EVD cases,"Guinea, Gabon, DRC, South Sudan, Uganda",https://www.eurosurveillance.org/content/10.2807/1560-7917.ES2014.19.35.20892#related_content
,,,,,,,,,,,,,Yes,,Typhoid fever,Rainfall,Vulnerable population,Case records from surveillance unit,Nigeria,https://doi.org/10.1016/j.healthplace.2013.09.009
,,,,,,,,,,,,,Yes,,Diarrhea,Rainfall,Vulnerable population,Case records from surveillance unit,Nigeria,https://doi.org/10.1016/j.healthplace.2013.09.009
,,,,,,,,,,,,,Yes,,Cholera,Rainfall,Vulnerable population,Case records from surveillance unit,Nigeria,https://doi.org/10.1016/j.healthplace.2013.09.009
,,,,,,,,,,,,,Yes,,Measles,Rainfall,Vulnerable population,Case records from surveillance unit,Nigeria,https://doi.org/10.1016/j.healthplace.2013.09.009
,,,,,,,,,,,,,Yes,,Cholera,Temperature,Vulnerable population,Cholera cases,Tanzania,https://doi.org/10.3390/ijerph8124386
,,,,,,,,,,,,,Yes,,Venous Thromboembolism,Temperature,Female population,15-49 yars old women,"Kenya, Zambia, Zimbabwe",https://doi.org/10.1016/j.jclinepi.2003.10.016
,,,,,,,,,,,,,Yes,,Stroke,Temperature,Vulnerable population,Hospital records,DRC,https://europepmc.org/article/med/10445086
,,,,,,,,,,,,,Yes,,All-cause mortality,Temperature,Elderly population,>65 years old,Burkina Faso,https://doi.org/10.1111/j.1365-3156.2010.02586.x
,,,,,,,,,,,,,Yes,,Respiratory infection,Temperature,Vulnerable population,Clinical registry records,"Yaounde, Cameroun",https://doi.org/10.1093/tropej/fmp127
,,,,,,,,,,,,,Yes,,Cardiovascular disease,Temperature,General population,mortality data records,South Africa,https://pubmed.ncbi.nlm.nih.gov/8596965/
,,,,,,,,,,,,,Yes,,All-cause mortality,Temperature,General population,mortality data records,South Africa,https://doi.org/10.1093/ije/dyn086
58,15664525,Climate variability and malaria epidemics in the highlands of East Africa,"Zhou G, Minakawa N, Githeko AK, Yan G.",Trends Parasitol. 2005 Feb,21(2):54-6. doi: 10.1016/j.pt.2004.11.002.,Zhou G,Trends Parasitol,2005,1/25/2005,,,10.1016/j.pt.2004.11.002,Yes,,Malaria,Temperature,Vulnerable population,Malaria outpatients,East African highlands,https://doi.org/10.1073/pnas.0308714100
59,35482376,"Climate variability, water supply, sanitation and diarrhea among children under five in Sub-Saharan Africa: a multilevel analysis",Kemajou DN.,J Water Health. 2022 Apr,20(4):589-600. doi: 10.2166/wh.2022.199.,Kemajou DN,J Water Health,2022,4/28/2022,,,10.2166/wh.2022.199,Yes,,Diarrhea,Temperature,Child population,under 5 children,SSA,https://doi.org/10.2166/wh.2022.199
,,,,,,,,,,,,,Yes,,Diarrhea,Rainfall,Child population,under 5 children,SSA,https://doi.org/10.2166/wh.2022.199
78,23221989,Seasonality of meningitis in Africa and climate forcing: aerosols stand out,"Agier L, Deroubaix A, Martiny N, Yaka P, Djibo A, Broutin H.",J R Soc Interface. 2012 Dec 5,10(79):20120814. doi: 10.1098/rsif.2012.0814. Print 2013 Feb.,Agier L,J R Soc Interface,2012,12/11/2012,PMC3565698,,10.1098/rsif.2012.0814,Yes,,Meningitis,Relative humidity,Vulnerable population,Suspected meningitis cases,Niger,https://doi.org/10.1098/rsif.2012.0814
,,,,,,,,,,,,,Yes,,Meningitis,Wind,Vulnerable population,Suspected meningitis cases,Niger,https://doi.org/10.1098/rsif.2012.0814
,,,,,,,,,,,,,Yes,,Meningitis,Dust,Vulnerable population,Suspected meningitis cases,Niger,https://doi.org/10.1098/rsif.2012.0814
80,27609899,Social and economic impacts of climate,"Carleton TA, Hsiang SM.",Science. 2016 Sep 9,353(6304):aad9837. doi: 10.1126/science.aad9837.,Carleton TA,Science,2016,09/10/2016,,,10.1126/science.aad9837,Yes,Some studies are relevant to africa.,Sexually-transmitted,Drought,Sample population,,SSA,https://doi.org/10.1111/ecoj.12149
84,31762907,"Socio-economic, infrastructural and health-related risk factors associated with adverse heat-health effects reportedly experienced during hot weather in South Africa","Wright CY, Dominick F, Kapwata T, Bidassey-Manilal S, Engelbrecht JC, Stich H, Mathee A, Matooane M.",Pan Afr Med J. 2019 Sep 18,34:40. doi: 10.11604/pamj.2019.34.40.17569. eCollection 2019.,Wright CY,Pan Afr Med J,2019,11/26/2019,PMC6859010,,10.11604/pamj.2019.34.40.17569,Yes,,Heat-health effects,Temperature,Elderly population,"Those with hypertension, and those >60 y.o.",South Africa,10.11604/pamj.2019.34.40.17569
91,30373194,Resilience to Climate-Induced Disasters and Its Overall Relationship to Well-Being in Southern Africa: A Mixed-Methods Systematic Review,"Kamara JK, Akombi BJ, Agho K, Renzaho AMN.",Int J Environ Res Public Health. 2018 Oct 26,15(11):2375. doi: 10.3390/ijerph15112375.,Kamara JK,Int J Environ Res Public Health,2018,10/31/2018,PMC6267582,,10.3390/ijerph15112375,Yes,One study from the review was eligible,Nutrition-related,Drought,Child population,HIV/AIDS modifies the association. Under 5 children.,"Lesotho, Malawi, Mozambique, Swaziland, Zambia, Zimbabwe",https://doi.org/10.1079/PHN2005726
94,34174598,The adverse health effects associated with drought in Africa,"Asmall T, Abrams A, R??sli M, Ciss? G, Carden K, Dalvie MA.",Sci Total Environ. 2021 Nov 1,793:148500. doi: 10.1016/j.scitotenv.2021.148500. Epub 2021 Jun 18.,Asmall T,Sci Total Environ,2021,6/26/2021,,,10.1016/j.scitotenv.2021.148500,Yes,Noted several papers highlighting climate hazards and health outcomes.,Nutrition-related,Drought,Child population,Measured drought thru NDVI. Child health.,Kenya,https://doi.org/10.1016/j.ehb.2016.10.010
,,,,,,,,,,,,,Yes,,Nutrition-related,Drought,Child population,Drought-driven food insecurity,Ethiopia,10.3233/HAB-190376
,,,,,,,,,,,,,Yes,,Nutrition-related,Drought,Child population,Measured drought thru Enhanced vegetation index (EVI). Children (6-59 months),Somalia,10.1136/bmjopen-2015-009854
,,,,,,,,,,,,,Yes,,Nutrition-related,Drought,Child population,Measured drought thru Enhanced vegetation index (EVI). Children (6-59 months),Somalia,10.1136/bmjopen-2015-009854
,,,,,,,,,,,,,Yes,,Nutrition-related,Drought,Child population,Measured drought thru Enhanced vegetation index (EVI). Children (6-59 months),Somalia,10.1136/bmjopen-2015-009854
,,,,,,,,,,,,,Yes,,Nutrition-related,Rainfall,Child population,,Somalia,10.1136/bmjopen-2015-009854
,,,,,,,,,,,,,Yes,,Nutrition-related,Temperature,Child population,,Somalia,10.1136/bmjopen-2015-009854
,,,,,,,,,,,,,Yes,,Nutrition-related,Temperature,Child population,,Somalia,10.1136/bmjopen-2015-009854
,,,,,,,,,,,,,Yes,,Nutrition-related,Temperature,Child population,,Somalia,10.1136/bmjopen-2015-009854
,,,,,,,,,,,,,Yes,,Nutrition-related,Recent conflict:rainfall,Child population,,Somalia,http://dx.doi.org/10.1136/bmjgh-2016-000262
,,,,,,,,,,,,,Yes,,Nutrition-related,Recent conflict:rainfall,Child population,,Somalia,http://dx.doi.org/10.1136/bmjgh-2016-000262
,,,,,,,,,,,,,Yes,,Nutrition-related,Long term conflict:drought,Child population,Measured drought thru Enhanced vegetation index (EVI). Children (6-59 months),Somalia,http://dx.doi.org/10.1136/bmjgh-2016-000262
,,,,,,,,,,,,,Yes,,Nutrition-related,Long term conflict:drought,Child population,Measured drought thru Enhanced vegetation index (EVI). Children (6-59 months),Somalia,http://dx.doi.org/10.1136/bmjgh-2016-000262
,,,,,,,,,,,,,Yes,,Nutrition-related,Long term conflict:rainfall,Child population,,Somalia,http://dx.doi.org/10.1136/bmjgh-2016-000262
,,,,,,,,,,,,,Yes,,Nutrition-related,Drought:temperature,Child population,Measured drought thru Enhanced vegetation index (EVI). Children (6-59 months). Protective effect,Somalia,http://dx.doi.org/10.1136/bmjgh-2016-000262
,,,,,,,,,,,,,Yes,,Nutrition-related,Drought:temperature,Child population,Measured drought thru Enhanced vegetation index (EVI). Children (6-59 months). Protective effect,Somalia,http://dx.doi.org/10.1136/bmjgh-2016-000262
,,,,,,,,,,,,,Yes,,Mental disability,Drought,General population,,South Africa,https://doi.org/10.1111/ecoj.12361
,,,,,,,,,,,,,Yes,,Visual disability,Drought,General population,,South Africa,https://doi.org/10.1111/ecoj.12361
,,,,,,,,,,,,,Yes,,Speech/hearing disability,Drought,General population,,South Africa,https://doi.org/10.1111/ecoj.12361
,,,,,,,,,,,,,Yes,,Cholera,Drought,Vulnerable population,,SSA,https://doi.org/10.4269/ajtmh.17-0778
,,,,,,,,,,,,,Yes,,Cholera,Flood,Vulnerable population,,SSA,https://doi.org/10.4269/ajtmh.17-0778
,,,,,,,,,,,,,Yes,,Diarrhea,Temperature,Child population,,SSA,https://doi.org/10.1016/j.apgeog.2011.07.017
,,,,,,,,,,,,,Yes,,Diarrhea,Rainfall,Child population,,SSA,https://doi.org/10.1016/j.apgeog.2011.07.017
,,,,,,,,,,,,,Yes,,All-cause mortality,Cold snap,General population,,"Kenya, Mali, Malawi",https://doi.org/10.1504/IJESD.2019.099518
,,,,,,,,,,,,,Yes,,All-cause mortality,Drought,General population,,Mali,https://doi.org/10.1504/IJESD.2019.099518
,,,,,,,,,,,,,Yes,,All-cause mortality,Rainfall,General population,Extreme rainfall,Kenya,https://doi.org/10.1504/IJESD.2019.099518
,,,,,,,,,,,,,Yes,,Sexually-transmitted,Drought,Female population,15-18 y.o. girls,Lesotho,https://doi.org/10.1371/journal.pmed.1002727
96,21633020,"Climate variability and the outbreaks of cholera in Zanzibar, East Africa: a time series analysis","Reyburn R, Kim DR, Emch M, Khatib A, von Seidlein L, Ali M.",Am J Trop Med Hyg. 2011 Jun,84(6):862-9. doi: 10.4269/ajtmh.2011.10-0277.,Reyburn R,Am J Trop Med Hyg,2011,03-Jun,PMC3110353,,10.4269/ajtmh.2011.10-0277,Yes,Already cited in the review paper and has been included.,,,,,,
97,35731202,What is next in African neuroscience?,"Donald KA, Maina M, Patel N, Nguemeni C, Mohammed W, Abubakar A, Brown M, Stoyanova R, Welchman A, Walker N, Willett A, Kariuki SM, Figaji A, Stein DJ, Ihunwo AO, Daniels W, Newton CR.",Elife. 2022 Jun 22,11:e80488. doi: 10.7554/eLife.80488.,Donald KA,Elife,2022,22-Jun,PMC9217128,,10.7554/eLife.80488,Yes,One study is related to hazard-health examination,Nutrition-related,Temperature,Sample population,Very useful for background on how climate change affects stunting. ,Ethiopia,https://doi.org/10.1016/j.socscimed.2020.113234
,,,,,,,,,,,,,Yes,,Nutrition-related,Rainfall,Sample population,Very useful for background on how climate change affects stunting. ,Ethiopia,https://doi.org/10.1016/j.socscimed.2020.113234
99,31970754,"The effects of climate change on human health in Africa, a dermatologic perspective: a report from the International Society of Dermatology Climate Change Committee","Coates SJ, Enbiale W, Davis MDP, Andersen LK.",Int J Dermatol. 2020 Mar,59(3):265-278. doi: 10.1111/ijd.14759. Epub 2020 Jan 22.,Coates SJ,Int J Dermatol,2020,24-Jan,,,10.1111/ijd.14759,Yes,Noted several papers highlighting climate hazards and health outcomes.,Nutrition-related,Temperature,Sample population,,Ethiopia,https://doi.org/10.1186/1471-2458-14-884
,,,,,,,,,,,,,Yes,,Nutrition-related,Rainfall,Sample population,,Ethiopia,https://doi.org/10.1186/1471-2458-14-884
,,,,,,,,,,,,,Yes,,Malaria,Flood,Vulnerable population,Morbidity,Uganda,https://doi.org/10.1093/infdis/jiw363
,,,,,,,,,,,,,Yes,,Tuberculosis,Season,Vulnerable population,,Cameroon,10.4314/eamj.v83i11.9474
112,35433284,"Climate Change, Conflict, and Resource Extraction: Analyses of Nigerian Artisanal Mining Communities and Ominous Global Trends","Bartrem C, von Lindern I, von Braun M, Tirima S.",Ann Glob Health. 2022 Mar 8,88(1):17. doi: 10.5334/aogh.3547. eCollection 2022.,Bartrem C,Ann Glob Health,2022,18-Apr,PMC8916050,,10.5334/aogh.3547,Yes,,Conflict,Drought,Vulnerable population,Case design-feasible reports,Kenya,https://doi.org/10.1177/002234331142584
113,35906840,Increasing global temperatures threaten gains in maternal and newborn health in Africa: A review of impacts and an adaptation framework,"Chersich MF, Scorgie F, Filippi V, Luchters S; Climate Change and Heat-Health Study Group.",Int J Gynaecol Obstet. 2023 Feb,160(2):421-429. doi: 10.1002/ijgo.14381. Epub 2022 Aug 16.,Chersich MF,Int J Gynaecol Obstet,2023,30-Jul,,,10.1002/ijgo.14381,Yes,One study is related to hazard-health examination,Birth-related,Temperature,Vulnerable population,Time-to-event study,South Africa,https://doi.org/10.1016/j.envres.2022.113596
,,,,,,,,,,,,,Yes,,Birth-related,Temperature,Vulnerable population,Time-to-event study,South Africa,https://doi.org/10.1016/j.envres.2022.113596
,,,,,,,,,,,,,Yes,,"Hemolysus, elevated liver enzymes, low paletelets (HELLP)",Temperature,Vulnerable population,Time-to-event study,South Africa,https://doi.org/10.1016/j.envres.2022.113596
117,35565571,Seasonality and Ecological Suitability Modelling for Anthrax (Bacillus anthracis) in Western Africa,"Pittiglio C, Shadomy S, El Idrissi A, Soumare B, Lubroth J, Makonnen Y.",Animals (Basel). 2022 Apr 29,12(9):1146. doi: 10.3390/ani12091146.,Pittiglio C,Animals (Basel),2022,14-May,PMC9105891,,10.3390/ani12091146,Yes,Human anthrax cases were lumped with animal cases.,Anthrax,Rainfall,,outbreaks,"Togo, Ghana, Benin, Burkina Faso, Niger",https://doi.org/10.3390/ani12091146
,,,,,,,,,,,,,Yes,,Anthrax,NDVI,,outbreaks,"Togo, Ghana, Benin, Burkina Faso, Niger",https://doi.org/10.3390/ani12091146
121,35397224,Exploring linkages between drought and HIV treatment adherence in Africa: a systematic review,"Orievulu KS, Ayeb-Karlsson S, Ngema S, Baisley K, Tanser F, Ngwenya N, Seeley J, Hanekom W, Herbst K, Kniveton D, Iwuji CC.",Lancet Planet Health. 2022 Apr,6(4):e359-e370. doi: 10.1016/S2542-5196(22)00016-X.,Orievulu KS,Lancet Planet Health,2022,04/09/2022,PMC7612934,EMS146239,10.1016/S2542-5196(22)00016-X,Yes,Study already cited earlier (to avoid double counting).,,,,Good reference for climate change and HIV.,,
124,21556186,Climate change and vector-borne diseases: an economic impact analysis of malaria in Africa,"Egbendewe-Mondzozo A, Musumba M, McCarl BA, Wu X.",Int J Environ Res Public Health. 2011 Mar,8(3):913-30. doi: 10.3390/ijerph8030913. Epub 2011 Mar 23.,Egbendewe-Mondzozo A,Int J Environ Res Public Health,2011,05/11/2011,PMC3083677,,10.3390/ijerph8030913,Yes,,Malaria,Temperature,,,Africa,10.3390/ijerph8030913
130,22690167,"Impact of climate change on children's health in Limpopo Province, South Africa","Thompson AA, Matamale L, Kharidza SD.",Int J Environ Res Public Health. 2012 Mar,9(3):831-54. doi: 10.3390/ijerph9030831. Epub 2012 Mar 8.,Thompson AA,Int J Environ Res Public Health,2012,6/13/2012,PMC3367281,,10.3390/ijerph9030831,Yes,Study already cited earlier (to avoid double counting).,,,,,,
132,32876770,Climate and climate-sensitive diseases in semi-arid regions: a systematic review,"Moreira RP, Costa AC, Gomes TF, de Oliveira Ferreira G.",Int J Public Health. 2020 Dec,65(9):1749-1761. doi: 10.1007/s00038-020-01464-6. Epub 2020 Sep 2.,Moreira RP,Int J Public Health,2020,09/03/2020,,,10.1007/s00038-020-01464-6,Yes,Noted several papers highlighting climate hazards and health outcomes.,Malaria,Rainfall,Child population,under 5 children,,Uganda
,,,,,,,,,,,,,Yes,,Malaria,Rainfall,General population,5 y.o. and above,,Uganda
,,,,,,,,,,,,,Yes,,Malaria,NDVI,Child population,under 5 children,,Uganda
,,,,,,,,,,,,,Yes,,Malaria,NDVI,General population,5 y.o. and above,,Uganda
,,,,,,,,,,,,,Yes,,Malaria,LST,Child population,under 5 children,,Uganda
,,,,,,,,,,,,,Yes,,Malaria,LST,General population,5 y.o. and above,,Uganda
,,,,,,,,,,,,,Yes,,Meningitis,Temperature,Vulnerable population,Bacterial,,Niger
,,,,,,,,,,,,,Yes,,Meningitis,Dust,Vulnerable population,"Low visibility (=air pollution), bacterial",,Niger
,,,,,,,,,,,,,Yes,,Diarrhea,Temperature,Vulnerable population,Look in to the supplementary files for the sig assoc.,,Madagascar
,,,,,,,,,,,,,Yes,,Diarrhea,Rainfall,Vulnerable population,,,Madagascar
,,,,,,,,,,,,,Yes,,Nutrition-related,Temperature,Vulnerable population,,,Madagascar
,,,,,,,,,,,,,Yes,,Nutrition-related,Rainfall,Vulnerable population,,,Madagascar
,,,,,,,,,,,,,Yes,,Malaria,Temperature,Vulnerable population,,,Madagascar
,,,,,,,,,,,,,Yes,,Malaria,Rainfall,Vulnerable population,,,Madagascar
,,,,,,,,,,,,,Yes,,ARI,Temperature,Vulnerable population,,,Madagascar
,,,,,,,,,,,,,Yes,,ARI,Rainfall,Vulnerable population,,,Madagascar
,,,,,,,,,,,,,Yes,,Meningitis,Wind,Vulnerable population,meningococcal meningitis,,Niger
,,,,,,,,,,,,,Yes,,Meningitis,Dust,Vulnerable population,,,Niger
138,29450063,Climate change and infectious diseases,"Flahault A, de Castaneda RR, Bolon I.",Public Health Rev. 2016 Oct 27,37:21. doi: 10.1186/s40985-016-0035-2. eCollection 2016.,Flahault A,Public Health Rev,2016,2/17/2018,PMC5810060,,10.1186/s40985-016-0035-2,Yes,One study from the review was eligible,Rift Valley Fever,El Nino,Vulnerable population,,,Kenya
141,21139702,"Heat impact on schoolchildren in Cameroon, Africa: potential health threat from climate change","Dapi LN, Rockl?v J, Nguefack-Tsague G, Tetanye E, Kjellstrom T.",Glob Health Action. 2010 Nov 29,3. doi: 10.3402/gha.v3i0.5610.,Dapi LN,Glob Health Action,2010,12/09/2010,PMC2998052,,10.3402/gha.v3i0.5610,Yes,,Heat-health effects,Indoor temperature,Child population,,,Cameroon
156,34809609,Exploring relationships between drought and epidemic cholera in Africa using generalised linear models,"Charnley GEC, Kelman I, Green N, Hinsley W, Gaythorpe KAM, Murray KA.",BMC Infect Dis. 2021 Nov 22,21(1):1177. doi: 10.1186/s12879-021-06856-4.,Charnley GEC,BMC Infect Dis,2021,11/23/2021,PMC8609751,,10.1186/s12879-021-06856-4,Yes,Diagram of climate change to cholera.,Cholera,Drought,Vulnerable population,,Africa,https://doi.org/10.1186/s12879-021-06856-4
,,,,,,,,,,,,,Yes,,Cholera,Temperature,Vulnerable population,,Africa,https://doi.org/10.1186/s12879-021-06856-4
158,28396423,El Ni?o and the shifting geography of cholera in Africa,"Moore SM, Azman AS, Zaitchik BF, Mintz ED, Brunkard J, Legros D, Hill A, McKay H, Luquero FJ, Olson D, Lessler J.",Proc Natl Acad Sci U S A. 2017 Apr 25,114(17):4436-4441. doi: 10.1073/pnas.1617218114. Epub 2017 Apr 10.,Moore SM,Proc Natl Acad Sci U S A,2017,04/12/2017,PMC5410791,,10.1073/pnas.1617218114,Yes,,Cholera,El Nino,Vulnerable population,,Africa,https://doi.org/10.1073/pnas.1617218114
166,26949867,Temperature-related morbidity and mortality in Sub-Saharan Africa: A systematic review of the empirical evidence,"Amegah AK, Rezza G, Jaakkola JJ.",Environ Int. 2016 May,91:133-49. doi: 10.1016/j.envint.2016.02.027. Epub 2016 Mar 4.,Amegah AK,Environ Int,2016,03/08/2016,,,10.1016/j.envint.2016.02.027,Yes,References were already mentioned previously.,,,,,,
167,32918887,Climate change could shift disease burden from malaria to arboviruses in Africa,"Mordecai EA, Ryan SJ, Caldwell JM, Shah MM, LaBeaud AD.",Lancet Planet Health. 2020 Sep,4(9):e416-e423. doi: 10.1016/S2542-5196(20)30178-9.,Mordecai EA,Lancet Planet Health,2020,09/12/2020,PMC7490804,NIHMS1617429,10.1016/S2542-5196(20)30178-9,Yes,"Study is more on vector viability rather than human health. However, this would be a good reference for temperature-vector mechanism. Esp ref 15, 16, ",Malaria,Temperature,Child population,,Kenya,https://doi.org/10.1186/s13071-019-3547-z
168,34599162,Geographical drivers and climate-linked dynamics of Lassa fever in Nigeria,"Redding DW, Gibb R, Dan-Nwafor CC, Ilori EA, Yashe RU, Oladele SH, Amedu MO, Iniobong A, Attfield LA, Donnelly CA, Abubakar I, Jones KE, Ihekweazu C.",Nat Commun. 2021 Oct 1,12(1):5759. doi: 10.1038/s41467-021-25910-y.,Redding DW,Nat Commun,2021,10/02/2021,PMC8486829,,10.1038/s41467-021-25910-y,Yes,,Lassa Fever,Temperature,General population,,Nigeria,10.1038/s41467-021-25910-y
169,35144560,Epidemiology of floods in sub-Saharan Africa: a systematic review of health outcomes,"Suhr F, Steinert JI.",BMC Public Health. 2022 Feb 10,22(1):268. doi: 10.1186/s12889-022-12584-4.,Suhr F,BMC Public Health,2022,02/11/2022,PMC8830087,,10.1186/s12889-022-12584-4,Yes,Noted several papers highlighting climate hazards and health outcomes.,Malaria,Flood,Child population,,Cameroon,https://doi.org/10.13075/ijomeh.1896.00340
,,,,,,,,,,,,,Yes,,Malaria,Flood,Child population,,Tanzania,https://doi.org/10.1016/j.actatropica.2011.06.007
,,,,,,,,,,,,,Yes,,Malaria,Flood,General population,,Sudan,10.1371/currents.dis.8267b8917b47bc12ff3a712fe4589fe1
,,,,,,,,,,,,,Yes,,Malaria,Flood,General population,,Uganda,https://doi.org/10.1093/infdis/jiw363
,,,,,,,,,,,,,Yes,,Malaria,Temperature,Vulnerable population,,Botswana,https://doi.org/10.1371/journal.pone.0139843
,,,,,,,,,,,,,Yes,,Malaria,Rainfall,Vulnerable population,,Botswana,https://doi.org/10.1371/journal.pone.0139843
,,,,,,,,,,,,,Yes,,Malaria,Flood,Vulnerable population,,Botswana,https://doi.org/10.1371/journal.pone.0139843
,,,,,,,,,,,,,Yes,,Scabies infection,Flood,Vulnerable population,,Ethiopia,https://doi.org/10.1155/2018/7276938
,,,,,,,,,,,,,Yes,,Alphavirus infection,Flood,Vulnerable population,,Kenya,https://doi.org/10.1371/journal.pntd.0005998
,,,,,,,,,,,,,Yes,,Flavivirus infection,Flood,Vulnerable population,,Kenya,https://doi.org/10.1371/journal.pntd.0005998
,,,,,,,,,,,,,Yes,,Rhodesian Sleeping sickness,Flood,General population,,Uganda,https://doi.org/10.1371/journal.pntd.0002485
,,,,,,,,,,,,,Yes,,STH,Rainfall,Vulnerable population,,Kenya,https://doi.org/10.1371/journal.pntd.0004223
,,,,,,,,,,,,,Yes,,STH,Flood,Vulnerable population,,Kenya,https://doi.org/10.1371/journal.pntd.0004223
176,32584659,The impact of climate change on mosquito-borne diseases in Africa,"Giesen C, Roche J, Redondo-Bravo L, Ruiz-Huerta C, Gomez-Barroso D, Benito A, Herrador Z.",Pathog Glob Health. 2020 Sep,114(6):287-301. doi: 10.1080/20477724.2020.1783865. Epub 2020 Jun 25.,Giesen C,Pathog Glob Health,2020,6/26/2020,PMC7480509,,10.1080/20477724.2020.1783865,Yes,Noted several papers highlighting climate hazards and health outcomes.,Malaria,Temperature,Simulation,,East African highlands,https://doi.org/10.1098/rspb.2010.2020
,,,,,,,,,,,,,Yes,,Malaria,Rainfall,General population,,Kenya,https://doi.org/10.1017/S0031182011001685
,,,,,,,,,,,,,Yes,,Malaria,Temperature,General population,,Ethiopia,10.1126/science.1244325
,,,,,,,,,,,,,Yes,,Malaria,Season,General population,,Ethiopia,10.1126/science.1244325
183,35310083,"Geographic distribution of Meriones shawi,Psammomys obesus, and Phlebotomus papatasi the main reservoirs and principal vector of zoonotic cutaneous leishmaniasis in the Middle East and North Africa","Karmaoui A, Ben Salem A, Sereno D, El Jaafari S, Hajji L.",Parasite Epidemiol Control. 2022 Mar 4,17:e00247. doi: 10.1016/j.parepi.2022.e00247. eCollection 2022 May.,Karmaoui A,Parasite Epidemiol Control,2022,3/21/2022,PMC8931442,,10.1016/j.parepi.2022.e00247,Yes,One study from the review was eligible,Leishmaniasis,Rainfall,Vulnerable population,Zoonotic cutaneous leishmaniasis,Tunisia,https://doi.org/10.1371/journal.pntd.0001633
,,,,,,,,,,,,,Yes,,Leishmaniasis,Relative humidity,Vulnerable population,Zoonotic cutaneous leishmaniasis,Tunisia,https://doi.org/10.1371/journal.pntd.0001633
185,32228798,Neglected Tropical Diseases in the Context of Climate Change in East Africa: A Systematic Scoping Review,"Bryson JM, Bishop-Williams KE, Berrang-Ford L, Nunez EC, Lwasa S, Namanya DB, Indigenous Health Adaptation To Climate Change Research Team, Harper SL.",Am J Trop Med Hyg. 2020 Jun,102(6):1443-1454. doi: 10.4269/ajtmh.19-0380.,Bryson JM,Am J Trop Med Hyg,2020,04/02/2020,PMC7253121,,10.4269/ajtmh.19-0380,Yes,Noted several papers highlighting climate hazards and health outcomes.,Chikungunya,Rainfall,Vulnerable population,,East Africa,https://doi.org/10.1371/journal.pntd.0001465
,,,,,,,,,,,,,Yes,,Chikungunya,Rainfall,Vulnerable population,,East Africa,https://doi.org/10.1371/journal.pntd.0001465
,,,,,,,,,,,,,Yes,,Chikungunya,Temperature,Vulnerable population,,East Africa,https://doi.org/10.1371/journal.pntd.0001465
,,,,,,,,,,,,,Yes,,Dengue,Rainfall,Vulnerable population,,"Kenya, Somalia",https://doi.org/10.1371/journal.pone.0092538
,,,,,,,,,,,,,Yes,,Dengue,Rainfall,Vulnerable population,,"Kenya, Somalia",https://doi.org/10.1371/journal.pone.0092538
,,,,,,,,,,,,,Yes,,Dengue,Temperature,Vulnerable population,,"Kenya, Somalia",https://doi.org/10.1371/journal.pone.0092538
,,,,,,,,,,,,,Yes,,Onchocerciasis,Rainfall,Vulnerable population,,Burundi,https://doi.org/10.1016/j.sste.2012.08.001
,,,,,,,,,,,,,Yes,,Onchocerciasis,Temperature,Vulnerable population,,Burundi,https://doi.org/10.1016/j.sste.2012.08.001
,,,,,,,,,,,,,Yes,,Onchocerciasis,Relative humidity,Vulnerable population,,Burundi,https://doi.org/10.1016/j.sste.2012.08.001
,,,,,,,,,,,,,Yes,,Trachoma,Temperature,Sample population,,Ethiopia,10.1016/j.sste.2012.08.001
,,,,,,,,,,,,,Yes,,Trachoma,Rainfall,Sample population,,Ethiopia,10.1016/j.sste.2012.08.001
,,,,,,,,,,,,,Yes,,STH,Rainfall,Child population,,Uganda,10.1017/s0950268804003024
,,,,,,,,,,,,,Yes,,STH,Temperature,Child population,,Uganda,10.1017/s0950268804003024
,,,,,,,,,,,,,Yes,,STH,Relative humidity,Child population,,Uganda,10.1017/s0950268804003024
,,,,,,,,,,,,,Yes,,Dengue,Rainfall,Sample population,,Ethiopia,https://doi.org/10.1371/journal.pntd.0006430
,,,,,,,,,,,,,Yes,,Chikungunya,Rainfall,Sample population,,Reunion,https://doi.org/10.1017/S0950268818000341
,,,,,,,,,,,,,Yes,,Chikungunya,Temperature,Sample population,,Reunion,https://doi.org/10.1017/S0950268818000341
,,,,,,,,,,,,,Yes,,Dengue,Rainfall,Sample population,,Tanzania,https://doi.org/10.4314/thrb.v19i4.1
,,,,,,,,,,,,,Yes,,Chikungunya,Rainfall,Sample population,,Tanzania,https://doi.org/10.4314/thrb.v19i4.1
,,,,,,,,,,,,,Yes,,Schistosomiasis,Temperature,Sample population,,Zambia,10.1186/s40249-018-0424-5
,,,,,,,,,,,,,Yes,,STH,Rainfall,Sample population,,Tanzania,10.1371/journal.pone.0175137
,,,,,,,,,,,,,Yes,,STH,Temperature,Sample population,,Tanzania,10.1371/journal.pone.0175137
,,,,,,,,,,,,,Yes,,Schistosomiasis,Rainfall,General population,,"Burundi, Kenya, Rwanda, South Sudan, Uganda, Tanzania, Zambia",https://doi.org/10.1186/s13071-014-0617-0
,,,,,,,,,,,,,Yes,,Schistosomiasis,Temperature,General population,,"Burundi, Kenya, Rwanda, South Sudan, Uganda, Tanzania, Zambia",https://doi.org/10.1186/s13071-014-0617-0
,,,,,,,,,,,,,Yes,,Human African Trypanosomiasis,Temperature,Vulnerable population,,"East Africa, Ethiopia, Zambia",10.1098/rsif.2011.0654
,,,,,,,,,,,,,Yes,,Lymphatic filariasis,Temperature,Sample population,,Zambia,https://doi.org/10.1371/journal.pntd.0002714
,,,,,,,,,,,,,Yes,,Dengue,Rainfall,Sample population,,Kenya,https://doi.org/10.1371/journal.pone.0167508
,,,,,,,,,,,,,Yes,,Rabies,Rainfall,Vulnerable population,,Zimbabwe,https://doi.org/10.1016/j.actatropica.2007.04.013
,,,,,,,,,,,,,Yes,,Trachoma,Rainfall,Vulnerable population,,Zimbabwe,https://doi.org/10.1080/09286586.2017.1298823
,,,,,,,,,,,,,Yes,,Trachoma,Temperature,Vulnerable population,,Zimbabwe,https://doi.org/10.1080/09286586.2017.1298823
,,,,,,,,,,,,,Yes,,STH,Rainfall,Vulnerable population,,Kenya,10.1371/journal.pntd.0000958
,,,,,,,,,,,,,Yes,,STH,Temperature,Vulnerable population,,Kenya,10.1371/journal.pntd.0000958
,,,,,,,,,,,,,Yes,,Trachoma,Rainfall,Child population,* from review  10.1371/journal.pntd.0002513,Southern Sudan,https://doi.org/10.1371/journal.pntd.0000799
,,,,,,,,,,,,,Yes,,Trachoma,Rainfall,Child population,* from review  10.1371/journal.pntd.0002513,Mali,https://doi.org/10.1371/journal.pntd.0000583
,,,,,,,,,,,,,Yes,,Trachoma,Temperature,Child population,* from review  10.1371/journal.pntd.0002513,Mali,https://doi.org/10.1371/journal.pntd.0000583
,,,,,,,,,,,,,Yes,,Trachoma,Temperature,Child population,* from review  10.1371/journal.pntd.0002513,Burkina Faso,https://doi.org/10.1186/1471-2334-11-191
,,,,,,,,,,,,,Yes,,Trachoma,Rainfall,Child population,* from review  10.1371/journal.pntd.0002513,Burkina Faso,https://doi.org/10.1186/1471-2334-11-191
,,,,,,,,,,,,,Yes,,Trachoma,Air Pressure,Child population,* from review  10.1371/journal.pntd.0002513,Burkina Faso,https://doi.org/10.1186/1471-2334-11-191
,,,,,,,,,,,,,Yes,,STH,LST,Sample population,,Tanzania,https://doi.org/10.1371/journal.pntd.0002408
,,,,,,,,,,,,,Yes,,Human African Trypanosomiasis,LST,Vulnerable population,,Uganda,https://doi.org/10.1016/S0065-308X(00)47008-9
,,,,,,,,,,,,,Yes,,Lymphatic filariasis,Rainfall,Vulnerable population,,Kenya,10.1179/136485905X29675
,,,,,,,,,,,,,Yes,,Lymphatic filariasis,Rainfall,Vulnerable population,,Tanzania,10.1179/136485905X29675
,,,,,,,,,,,,,Yes,,STH,LST,Vulnerable population,,Tanzania,10.1371/journal.pone.0092032
,,,,,,,,,,,,,Yes,,Leishmaniasis,Rainfall,Vulnerable population,Cutaneous leishminiasis,Ethiopia,10.4081/gh.2014.27
,,,,,,,,,,,,,Yes,,Leishmaniasis,Rainfall,Vulnerable population,Visceral leishmaniasis,Ethiopia,10.4081/gh.2013.88
,,,,,,,,,,,,,Yes,,Leishmaniasis,Temperature,Vulnerable population,Visceral leishmaniasis,Ethiopia,10.4081/gh.2013.88
,,,,,,,,,,,,,Yes,,Schistosomiasis,Rainfall,Vulnerable population,,Ethiopia,10.1111/j.1365-3156.2011.02820.x
,,,,,,,,,,,,,Yes,,Schistosomiasis,Temperature,Vulnerable population,,Ethiopia,10.1111/j.1365-3156.2011.02820.x
207,32939230,Present and future climatic suitability for dengue fever in Africa,"Sintayehu DW, Tassie N, De Boer WF.",Infect Ecol Epidemiol. 2020 Jun 19,10(1):1782042. doi: 10.1080/20008686.2020.1782042.,Sintayehu DW,Infect Ecol Epidemiol,2020,9/17/2020,PMC7480615,,10.1080/20008686.2020.1782042,Yes,,Dengue,Temperature,Vulnerable population,,Africa,https://doi.org/10.1080/20008686.2020.1782042
218,25409548,Geographic information analysis and web-based geoportals to explore malnutrition in Sub-Saharan Africa: a systematic review of approaches,"Marx S, Phalkey R, Aranda-Jan CB, Profe J, Sauerborn R, H?fle B.",BMC Public Health. 2014 Nov 20,14:1189. doi: 10.1186/1471-2458-14-1189.,Marx S,BMC Public Health,2014,11/21/2014,PMC4258026,,10.1186/1471-2458-14-1189,Yes,Noted several papers highlighting climate hazards and health outcomes.,Nutrition-related,Rainfall,Child population,Good basis for nutrition and climate change. ,Kenya,https://doi.org/10.1016/j.apgeog.2012.06.017
,,,,,,,,,,,,,Yes,,Anemia,PPET (potential evapotranspiration),Child population,,Mali,https://doi.org/10.1016/j.apgeog.2011.08.009
,,,,,,,,,,,,,Yes,,Nutrition-related,PPET (potential evapotranspiration),Child population,,Mali,https://doi.org/10.1016/j.apgeog.2011.08.009
,,,,,,,,,,,,,Yes,,Nutrition-related,PPET (potential evapotranspiration),Child population,,Mali,https://doi.org/10.1016/j.apgeog.2011.08.009
,,,,,,,,,,,,,Yes,,Nutrition-related,Drought,Child population,,Africa,https://doi.org/10.1002/psp.599
254,36066761,"Drought, HIV Testing, and HIV Transmission Risk Behaviors: A Population-Based Study in 10 High HIV Prevalence Countries in Sub-Saharan Africa","Epstein A, Nagata JM, Ganson KT, Nash D, Saberi P, Tsai AC, Charlebois ED, Weiser SD.",AIDS Behav. 2022 Sep 6. doi: 10.1007/s10461-022-03820-4. Online ahead of print.,Epstein A,AIDS Behav,2022,09/06/2022,,,10.1007/s10461-022-03820-4,,Yes,,Sexually-transmitted,Drought,Vulnerable population,Cant access the journal.,SSA,https://doi.org/10.1007/s10461-022-03820-4
,,,,,,,,,,,,,Yes,*additional relevant paper,Sexually-transmitted,Rainfall,Vulnerable population,Heavy Rainfall,Malawi,10.1001/jamanetworkopen.2022.30282
,,,,,,,,,,,,,Yes,,Sexually-transmitted,Rainfall,Vulnerable population,Heavy Rainfall,Senegal,10.1001/jamanetworkopen.2022.30282
,,,,,,,,,,,,,Yes,,Sexually-transmitted,Rainfall,Vulnerable population,Heavy Rainfall,Uganda,10.1001/jamanetworkopen.2022.30282
,,,,,,,,,,,,,Yes,,Sexually-transmitted,Rainfall,Vulnerable population,Heavy Rainfall,Zambia,10.1001/jamanetworkopen.2022.30282
,,,,,,,,,,,,,Yes,,Sexually-transmitted,Rainfall,Vulnerable population,Heavy Rainfall,Angola,10.1001/jamanetworkopen.2022.30282
,,,,,,,,,,,,,Yes,,Sexually-transmitted,Rainfall,Vulnerable population,Heavy Rainfall,Zimbabwe,10.1001/jamanetworkopen.2022.30282
,,,,,,,,,,,,,Yes,,Sexually-transmitted,Rainfall,Vulnerable population,Heavy Rainfall,Ethiopia,10.1001/jamanetworkopen.2022.30282
,,,,,,,,,,,,,Yes,,Sexually-transmitted,Rainfall,Vulnerable population,Heavy Rainfall,DRC,10.1001/jamanetworkopen.2022.30282
,,,,,,,,,,,,,Yes,,Sexually-transmitted,Rainfall,Vulnerable population,Heavy Rainfall,Uganda,10.1001/jamanetworkopen.2022.30282
,,,,,,,,,,,,,Yes,,Sexually-transmitted,Rainfall,Vulnerable population,Heavy Rainfall,Chad,10.1001/jamanetworkopen.2022.30282
,,,,,,,,,,,,,Yes,,Sexually-transmitted,Rainfall,Vulnerable population,Heavy Rainfall,Rwanda,10.1001/jamanetworkopen.2022.30282
,,,,,,,,,,,,,Yes,,Sexually-transmitted,Rainfall,Vulnerable population,Heavy Rainfall,Malawi,10.1001/jamanetworkopen.2022.30282
,,,,,,,,,,,,,Yes,,Sexually-transmitted,Rainfall,Vulnerable population,Heavy Rainfall,Tanzania,10.1001/jamanetworkopen.2022.30282
,,,,,,,,,,,,,Yes,,Sexually-transmitted,Rainfall,Vulnerable population,Heavy Rainfall,Mozambique,10.1001/jamanetworkopen.2022.30282
,,,,,,,,,,,,,Yes,,Sexually-transmitted,Rainfall,Vulnerable population,Heavy Rainfall,Cameroon,10.1001/jamanetworkopen.2022.30282
,,,,,,,,,,,,,Yes,,Sexually-transmitted,Rainfall,Vulnerable population,Heavy Rainfall,DRC,10.1001/jamanetworkopen.2022.30282
,,,,,,,,,,,,,Yes,,Sexually-transmitted,Rainfall,Vulnerable population,Heavy Rainfall,Zimbabwe,10.1001/jamanetworkopen.2022.30282
,,,,,,,,,,,,,Yes,,Sexually-transmitted,Rainfall,Vulnerable population,Heavy Rainfall,Angola,10.1001/jamanetworkopen.2022.30282
,,,,,,,,,,,,,Yes,,Sexually-transmitted,Rainfall,Vulnerable population,Heavy Rainfall,Ghana,10.1001/jamanetworkopen.2022.30282
,,,,,,,,,,,,,Yes,,Sexually-transmitted,Rainfall,Vulnerable population,Heavy Rainfall,Senegal,10.1001/jamanetworkopen.2022.30282
,,,,,,,,,,,,,Yes,,Sexually-transmitted,Rainfall,Vulnerable population,Heavy Rainfall,Togo,10.1001/jamanetworkopen.2022.30282
259,36612437,"The Association between Apparent Temperature and Hospital Admissions for Cardiovascular Disease in Limpopo Province, South Africa","B?hler JL, Shrikhande S, Kapwata T, Ciss? G, Liang Y, Pedder H, Kwiatkowski M, Kunene Z, Mathee A, Peer N, Wright CY.",Int J Environ Res Public Health. 2022 Dec 22,20(1):116. doi: 10.3390/ijerph20010116.,B?hler JL,Int J Environ Res Public Health,2022,01/08/2023,PMC9820030,,10.3390/ijerph20010116,Yes,,Cardiovascular disease,Temperature,Vulnerable population,morbidity,South Africa,https://doi.org/10.3390/ijerph20010116
265,23531489,Climate change is likely to worsen the public health threat of diarrheal disease in Botswana,"Alexander KA, Carzolio M, Goodin D, Vance E.",Int J Environ Res Public Health. 2013 Mar 26,10(4):1202-30. doi: 10.3390/ijerph10041202.,Alexander KA,Int J Environ Res Public Health,2013,3/28/2013,PMC3709313,,10.3390/ijerph10041202,Yes,,Diarrhea,Rainfall,General population,,Botswana,https://doi.org/10.3390/ijerph10041202
,,,,,,,,,,,,,Yes,,Diarrhea,Temperature,General population,,Botswana,https://doi.org/10.3390/ijerph10041202
,,,,,,,,,,,,,Yes,,Diarrhea,Vapor Pressure,General population,,Botswana,https://doi.org/10.3390/ijerph10041202
266,23195510,"Weather and mortality: a 10 year retrospective analysis of the Nouna Health and Demographic Surveillance System, Burkina Faso","Diboulo E, Si? A, Rockl?v J, Niamba L, Y? M, Bagagnan C, Sauerborn R.",Glob Health Action. 2012 Nov 23,5:6-13. doi: 10.3402/gha.v5i0.19078.,Diboulo E,Glob Health Action,2012,12/01/2012,PMC3508665,,10.3402/gha.v5i0.19078,Yes,,All-cause mortality,Temperature,Child population,,Burkina Faso,https://doi.org/10.3402/gha.v5i0.19078
,,,,,,,,,,,,,Yes,,All-cause mortality,Temperature,General population,,Burkina Faso,https://doi.org/10.3402/gha.v5i0.19078
,,,,,,,,,,,,,Yes,,All-cause mortality,Rainfall,Child population,,Burkina Faso,https://doi.org/10.3402/gha.v5i0.19078
,,,,,,,,,,,,,Yes,,All-cause mortality,Rainfall,General population,,Burkina Faso,https://doi.org/10.3402/gha.v5i0.19078
281,31842901,Short-term association between ambient temperature and homicide in South Africa: a case-crossover study,"Gates A, Klein M, Acquaotta F, Garland RM, Scovronick N.",Environ Health. 2019 Dec 16,18(1):109. doi: 10.1186/s12940-019-0549-4.,Gates A,Environ Health,2019,12/18/2019,PMC6915878,,10.1186/s12940-019-0549-4,Yes,,Homicide,Temperature,General population,,South Africa,https://doi.org/10.1186/s12940-019-0549-4
290,15696216,Climate drives the meningitis epidemics onset in west Africa,"Sultan B, Labadi K, Gu?gan JF, Janicot S.",PLoS Med. 2005 Jan,2(1):e6. doi: 10.1371/journal.pmed.0020006. Epub 2005 Jan 25.,Sultan B,PLoS Med,2005,02/08/2005,PMC545199,,10.1371/journal.pmed.0020006,Yes,,Meningitis,Wind,Vulnerable population,,Mali,https://doi.org/10.1371/journal.pmed.0020006
293,30408029,Hydrometeorology and flood pulse dynamics drive diarrheal disease outbreaks and increase vulnerability to climate change in surface-water-dependent populations: A retrospective analysis,"Alexander KA, Heaney AK, Shaman J.",PLoS Med. 2018 Nov 8,15(11):e1002688. doi: 10.1371/journal.pmed.1002688. eCollection 2018 Nov.,Alexander KA,PLoS Med,2018,11/09/2018,PMC6224043,,10.1371/journal.pmed.1002688,Yes,,Diarrhea,Rainfall,Child population,,Botswana,https://doi.org/10.1371/journal.pmed.1002688
297,29642611,Association between Precipitation and Diarrheal Disease in Mozambique,"Horn LM, Hajat A, Sheppard L, Quinn C, Colborn J, Zermoglio MF, Gudo ES, Marrufo T, Ebi KL.",Int J Environ Res Public Health. 2018 Apr 10,15(4):709. doi: 10.3390/ijerph15040709.,Horn LM,Int J Environ Res Public Health,2018,4/13/2018,PMC5923751,,10.3390/ijerph15040709,Yes,,Diarrhea,Rainfall,General population,,Mozambique, https://doi.org/10.3390/ijerph15040709
323,26284234,"Climate Regimes, El Ni?o-Southern Oscillation, and Meningococcal Meningitis Epidemics",Oluwole OS.,Front Public Health. 2015 Jul 30,3:187. doi: 10.3389/fpubh.2015.00187. eCollection 2015.,Oluwole OS,Front Public Health,2015,8/19/2015,PMC4519658,,10.3389/fpubh.2015.00187,Yes,,Meningitis,El Nino,Vulnerable population,meningococcal meningitis,Sahel and East Africa countries,https://doi.org/10.3389/fpubh.2015.00187
,,,,,,,,,,,,,Yes,,Meningitis,Pacific decadal oscillation,Vulnerable population,meningococcal meningitis,Sahel and East Africa countries,https://doi.org/10.3389/fpubh.2015.00187
338,34616704,The Impact of Rainfall Variability on Diets and Undernutrition of Young Children in Rural Burkina Faso,"Mank I, Belesova K, Bliefernicht J, Traor? I, Wilkinson P, Danquah I, Sauerborn R.",Front Public Health. 2021 Sep 20,9:693281. doi: 10.3389/fpubh.2021.693281. eCollection 2021.,Mank I,Front Public Health,2021,10/07/2021,PMC8489680,,10.3389/fpubh.2021.693281,Yes,,Nutrition-related,Rainfall,Child population,,Burkina Faso,https://doi.org/10.3389/fpubh.2021.693281
,,,,,,,,,,,,,Yes,,Nutrition-related,Rainfall,Child population,,Burkina Faso,https://doi.org/10.3389/fpubh.2021.693281
339,36460447,Spatial analysis of climatic factors and plasmodium falciparum malaria prevalence among children in Ghana,"Mohammed K, Salifu MG, Batung E, Amoak D, Avoka VA, Kansanga M, Luginaah I.",Spat Spatiotemporal Epidemiol. 2022 Nov,43:100537. doi: 10.1016/j.sste.2022.100537. Epub 2022 Sep 15.,Mohammed K,Spat Spatiotemporal Epidemiol,2022,12/02/2022,,,10.1016/j.sste.2022.100537,Yes,,Malaria,Temperature,Child population,,Ghana,https://doi.org/10.1016/j.sste.2022.100537
,,,,,,,,,,,,,Yes,,Malaria,Rainfall,Child population,,Ghana,https://doi.org/10.1016/j.sste.2022.100537
,,,,,,,,,,,,,Yes,,Malaria,EVI,Child population,,Ghana,https://doi.org/10.1016/j.sste.2022.100537
356,33848552,The effect of human settlement temperature and humidity on the growth rules of infected and recovered cases of COVID-19,"Babuna P, Han C, Li M, Gyilbag A, Dehui B, Awudi DA, Supe Tulcan RX, Yang S, Yang X.",Environ Res. 2021 Jun,197:111106. doi: 10.1016/j.envres.2021.111106. Epub 2021 Apr 15.,Babuna P,Environ Res,2021,4/13/2021,PMC8049428,,10.1016/j.envres.2021.111106,Yes,No statistical significance between hazard-health outcome.,COVID-19,Temperature,General population,,Africa,10.1016/j.envres.2021.111106
362,24827501,Cholera outbreaks in Africa,"Mengel MA, Delrieu I, Heyerdahl L, Gessner BD.",Curr Top Microbiol Immunol. 2014,379:117-44. doi: 10.1007/82_2014_369.,Mengel MA,Curr Top Microbiol Immunol,2014,5/16/2014,,,10.1007/82_2014_369,Yes,Noted several papers highlighting climate hazards and health outcomes.,Cholera,Rainfall,Vulnerable population,,Senegal,https://doi.org/10.1371/journal.pone.0044577
,,,,,,,,,,,,,Yes,,Cholera,Rainfall,Vulnerable population,,DRC,10.3201/eid1711.110170
,,,,,,,,,,,,,Yes,,Cholera,Rainfall,Vulnerable population,,Zambia, https://doi.org/10.1016/j.trstmh.2008.07.017
,,,,,,,,,,,,,Yes,,Cholera,Temperature,Vulnerable population,,Zambia,?https://doi.org/10.1016/j.trstmh.2008.07.017
367,31254149,The use of remotely sensed environmental parameters for spatial and temporal schistosomiasis prediction across climate zones in Ghana,"Wrable M, Kulinkina AV, Liss A, Koch M, Cruz MS, Biritwum NK, Ofosu A, Gute DM, Kosinski KC, Naumova EN.",Environ Monit Assess. 2019 Jun 28,191(Suppl 2):301. doi: 10.1007/s10661-019-7411-6.,Wrable M,Environ Monit Assess,2019,6/30/2019,,,10.1007/s10661-019-7411-6,Yes,,Schistosomiasis,Rainfall,Vulnerable population,,Ghana,https://doi.org/10.1007/s10661-019-7411-6
,,,,,,,,,,,,,Yes,,Schistosomiasis,NDVI,Vulnerable population,,Ghana,https://doi.org/10.1007/s10661-019-7411-6
,,,,,,,,,,,,,Yes,,Schistosomiasis,LST,Vulnerable population,,Ghana,https://doi.org/10.1007/s10661-019-7411-6
368,14609465,Environmental risk and meningitis epidemics in Africa,"Molesworth AM, Cuevas LE, Connor SJ, Morse AP, Thomson MC.",Emerg Infect Dis. 2003 Oct,9(10):1287-93. doi: 10.3201/eid0910.030182.,Molesworth AM,Emerg Infect Dis,2003,11/12/2003,PMC3033099,,10.3201/eid0910.030182,Yes,,Meningitis,Absolute humidity,Vulnerable population,,Africa,10.3201/eid0910.030182
377,35501439,A global comprehensive analysis of ambient low temperature and non-communicable diseases burden during 1990-2019,"Song J, Qin W, Pan R, Yi W, Song S, Cheng J, Su H.",Environ Sci Pollut Res Int. 2022 Sep,29(44):66136-66147. doi: 10.1007/s11356-022-20442-4. Epub 2022 May 2.,Song J,Environ Sci Pollut Res Int,2022,05/02/2022,,,10.1007/s11356-022-20442-4,Yes,,NCD,Temperature,General population,,Africa, https://doi.org/10.1007/s11356-022-20442-4
383,34139502,"Exploring rural hospital admissions for diarrhoeal disease, malaria, pneumonia, and asthma in relation to temperature, rainfall and air pollution using wavelet transform analysis","Kapwata T, Wright CY, du Preez DJ, Kunene Z, Mathee A, Ikeda T, Landman W, Maharaj R, Sweijd N, Minakawa N, Blesic S.",Sci Total Environ. 2021 Oct 15,791:148307. doi: 10.1016/j.scitotenv.2021.148307. Epub 2021 Jun 8.,Kapwata T,Sci Total Environ,2021,6/17/2021,,,10.1016/j.scitotenv.2021.148307,Yes,,Pneumonia,Temperature,Vulnerable population,,South Africa,https://doi.org/10.1016/j.scitotenv.2021.148307
,,,,,,,,,,,,,Yes,,Pneumonia,Rainfall,Vulnerable population,,South Africa,https://doi.org/10.1016/j.scitotenv.2021.148307
,,,,,,,,,,,,,Yes,,Malaria,Temperature,Vulnerable population,,South Africa,https://doi.org/10.1016/j.scitotenv.2021.148307
,,,,,,,,,,,,,Yes,,Malaria,Rainfall,Vulnerable population,,South Africa,https://doi.org/10.1016/j.scitotenv.2021.148307
398,26945482,Risk analysis for dengue suitability in Africa using the ArcGIS predictive analysis tools (PA tools),"Attaway DF, Jacobsen KH, Falconer A, Manca G, Waters NM.",Acta Trop. 2016 Jun,158:248-257. doi: 10.1016/j.actatropica.2016.02.018. Epub 2016 Mar 2.,Attaway DF,Acta Trop,2016,3/7/2016,,,10.1016/j.actatropica.2016.02.018,Yes,,Dengue,Rainfall,Vulnerable population,,Africa,http://dx.doi.org/10.1016/j.actatropica.2016.02.018
,,,,,,,,,,,,,Yes,,Dengue,Temperature,Vulnerable population,,Africa,http://dx.doi.org/10.1016/j.actatropica.2016.02.018
401,17194307,Developing global climate anomalies suggest potential disease risks for 2006-2007,"Anyamba A, Chretien JP, Small J, Tucker CJ, Linthicum KJ.",Int J Health Geogr. 2006 Dec 28,5:60. doi: 10.1186/1476-072X-5-60.,Anyamba A,Int J Health Geogr,2006,12/30/2006,PMC1779293,,10.1186/1476-072X-5-60,Yes,Noted one paper to be relevant.,Malaria,Rainfall,Vulnerable population,,Rwanda,10.1016/s0140-6736(94)91586-5
,,,,,,,,,,,,,Yes,,Malaria,Temperature,Vulnerable population,,Rwanda,10.1016/s0140-6736(94)91586-5
406,36673914,"Health Risks of Temperature Variability on Hospital Admissions in Cape Town, 2011-2016","Makunyane MS, Rautenbach H, Sweijd N, Botai J, Wichmann J.",Int J Environ Res Public Health. 2023 Jan 9,20(2):1159. doi: 10.3390/ijerph20021159.,Makunyane MS,Int J Environ Res Public Health,2023,1/21/2023,PMC9859170,,10.3390/ijerph20021159,Yes,,Cardiovascular disease,Temperature,General population,Morbidity,South Africa,https://doi.org/10.3390/ijerph20021159
,,,,,,,,,,,,,Yes,,Cardiovascular disease,Temperature,General population,Morbidity,South Africa,https://doi.org/10.3390/ijerph20021159
,,,,,,,,,,,,,Yes,,Cardiovascular disease,Temperature,Elderly population,Morbidity,South Africa,https://doi.org/10.3390/ijerph20021159
,,,,,,,,,,,,,Yes,,Cardiovascular disease,Temperature,Female population,Morbidity,South Africa,https://doi.org/10.3390/ijerph20021159
,,,,,,,,,,,,,Yes,,Cardiovascular disease,Temperature,Male population,Morbidity,South Africa,https://doi.org/10.3390/ijerph20021159
,,,,,,,,,,,,,Yes,,Respiratory disease,Temperature,General population,Morbidity,South Africa,https://doi.org/10.3390/ijerph20021159
,,,,,,,,,,,,,Yes,,Respiratory disease,Temperature,Child population,Morbidity,South Africa,https://doi.org/10.3390/ijerph20021159
,,,,,,,,,,,,,Yes,,Respiratory disease,Temperature,Elderly population,Morbidity,South Africa,https://doi.org/10.3390/ijerph20021159
,,,,,,,,,,,,,Yes,,Respiratory disease,Temperature,Female population,Morbidity,South Africa,https://doi.org/10.3390/ijerph20021159
,,,,,,,,,,,,,Yes,,Respiratory disease,Temperature,Male population,Morbidity,South Africa,https://doi.org/10.3390/ijerph20021159
408,33027266,"The environmental drivers of bacterial meningitis epidemics in the Democratic Republic of Congo, central Africa","Mazamay S, Broutin H, Bompangue D, Muyembe JJ, Gu?gan JF.",PLoS Negl Trop Dis. 2020 Oct 7,14(10):e0008634. doi: 10.1371/journal.pntd.0008634. eCollection 2020 Oct.,Mazamay S,PLoS Negl Trop Dis,2020,10/7/2020,PMC7540884,,10.1371/journal.pntd.0008634,Yes,,Meningitis,Temperature,Vulnerable population,,DRC,10.1371/journal.pntd.0008634
414,27338423,Students' Perceived Heat-Health Symptoms Increased with Warmer Classroom Temperatures,"Bidassey-Manilal S, Wright CY, Engelbrecht JC, Albers PN, Garland RM, Matooane M.",Int J Environ Res Public Health. 2016 Jun 7,13(6):566. doi: 10.3390/ijerph13060566.,Bidassey-Manilal S,Int J Environ Res Public Health,2016,6/25/2016,PMC4924023,,10.3390/ijerph13060566,Yes,,Heat-health effects,Indoor temperature,Child population,,South Africa,https://doi.org/10.3390/ijerph13060566
417,30390928,"The geo-spatial distribution of childhood diarrheal disease in West Africa, 2008-2013: A covariate-adjusted cluster analysis","Dunn G, Johnson GD.",Spat Spatiotemporal Epidemiol. 2018 Aug,26:127-141. doi: 10.1016/j.sste.2018.06.005. Epub 2018 Jun 19.,Dunn G,Spat Spatiotemporal Epidemiol,2018,11/5/2018,,,10.1016/j.sste.2018.06.005,Yes,,Diarrhea,Temperature,Child population,,West Africa,https://doi.org/10.1016/j.sste.2018.06.005
,,,,,,,,,,,,,Yes,,Diarrhea,Rainfall,Child population,,West Africa,https://doi.org/10.1016/j.sste.2018.06.005
429,36634422,Changes in the associations between malaria incidence and climatic factors across malaria endemic countries in Africa and Asia-Pacific region,"Wang C, Thakuri B, Roy AK, Mondal N, Qi Y, Chakraborty A.",J Environ Manage. 2023 Jan 11,331:117264. doi: 10.1016/j.jenvman.2023.117264. Online ahead of print.,Wang C,J Environ Manage,2023,1/12/2023,,,10.1016/j.jenvman.2023.117264,Yes,,Malaria,Rainfall,Vulnerable population,,"Angola, Burundi, Benin, Burkina Faso, Botswana, Central African Republic, Cote d'Ivoire, Cameroon, Cape Verde, Chad, Rpublic of Congo, DRC, Comoros, Ethiopia, Equatorial Guinea, Gabon, Ghana, Guinea, Gambia, Guinea-Bissau, Kenya, Liberia, Madagascar, Mali, Mozambique, Mauritania, Malawi, Namibia, Niger, Nigeria, Rwanda, Sudan, Senegal, Sierra Leone, Somalia, South Sudan, Sao Tome and Principe, Togo, Tanzania, Uganda, South Africa, Zambia",https://doi.org/10.1016/j.jenvman.2023.117264
,,,,,,,,,,,,,Yes,,Malaria,Temperature,Vulnerable population,,"Angola, Burundi, Benin, Burkina Faso, Botswana, Central African Republic, Cote d'Ivoire, Cameroon, Cape Verde, Chad, Rpublic of Congo, DRC, Comoros, Ethiopia, Equatorial Guinea, Gabon, Ghana, Guinea, Gambia, Guinea-Bissau, Kenya, Liberia, Madagascar, Mali, Mozambique, Mauritania, Malawi, Namibia, Niger, Nigeria, Rwanda, Sudan, Senegal, Sierra Leone, Somalia, South Sudan, Sao Tome and Principe, Togo, Tanzania, Uganda, South Africa, Zambia",https://doi.org/10.1016/j.jenvman.2023.117264
433,16771998,Potential of environmental models to predict meningitis epidemics in Africa,"Thomson MC, Molesworth AM, Djingarey MH, Yameogo KR, Belanger F, Cuevas LE.",Trop Med Int Health. 2006 Jun,11(6):781-8. doi: 10.1111/j.1365-3156.2006.01630.x.,Thomson MC,Trop Med Int Health,2006,6/15/2006,,,10.1111/j.1365-3156.2006.01630.x,Yes,,Meningitis,Rainfall,Vulnerable population,,"Burkina Faso, Niger, Mali, Togo",https://doi.org/10.1111/j.1365-3156.2006.01630.x
,,,,,,,,,,,,,Yes,,Meningitis,Dust,Vulnerable population,,"Burkina Faso, Niger, Mali, Togo",https://doi.org/10.1111/j.1365-3156.2006.01630.x
435,28545595,"Modelling the influence of climate on malaria occurrence in Chimoio Municipality, Mozambique","Ferr?o JL, Mendes JM, Painho M.",Parasit Vectors. 2017 May 25,10(1):260. doi: 10.1186/s13071-017-2205-6.,Ferr?o JL,Parasit Vectors,2017,5/27/2017,PMC5445389,,10.1186/s13071-017-2205-6,Yes,,Malaria,Rainfall,Vulnerable population,,Mozambique,https://doi.org/10.1186/s13071-017-2205-6
,,,,,,,,,,,,,Yes,,Malaria,Temperature,Vulnerable population,,Mozambique,https://doi.org/10.1186/s13071-017-2205-6
442,27266270,"Seasonality in diabetes in Yaounde, Cameroon: a relation with precipitation and temperature","Lontchi-Yimagou E, Tsalefac M, Tapinmene LM, Noubiap JJ, Balti EV, Nguewa JL, Dehayem M, Sobngwi E.",BMC Public Health. 2016 Jun 6,16:470. doi: 10.1186/s12889-016-3090-1.,Lontchi-Yimagou E,BMC Public Health,2016,6/9/2016,PMC4896003,,10.1186/s12889-016-3090-1,Yes,,Diabetes,Rainfall,Vulnerable population,,Cameroon,https://doi.org/10.1186/s12889-016-3090-1
445,33558848,"Impact of climatic, demographic and disease control factors on the transmission dynamics of COVID-19 in large cities worldwide","Metelmann S, Pattni K, Brierley L, Cavalerie L, Caminade C, Blagrove MSC, Turner J, Sharkey KJ, Baylis M.",One Health. 2021 Jun,12:100221. doi: 10.1016/j.onehlt.2021.100221. Epub 2021 Feb 3.,Metelmann S,One Health,2021,2/9/2021,PMC7857042,,10.1016/j.onehlt.2021.100221,Yes,,COVID-19,Solar,Vulnerable population,,"Niger, Burkina Faso, Congo, Cote d'Ivoire, Djibouti, Ethiopia, Ghana, Kenya, Nigeria, Senegal, Somalia, South Africa, Sudan",https://doi.org/10.1016/j.onehlt.2021.100221
448,29073259,Effect of climatic variability on childhood diarrhea and its high risk periods in northwestern parts of Ethiopia,"Azage M, Kumie A, Worku A, C Bagtzoglou A, Anagnostou E.",PLoS One. 2017 Oct 26,12(10):e0186933. doi: 10.1371/journal.pone.0186933. eCollection 2017.,Azage M,PLoS One,2017,10/27/2017,PMC5658103,,10.1371/journal.pone.0186933,Yes,Already metioned earlier,,,,,,
458,25515074,"Long-run relative importance of temperature as the main driver to malaria transmission in Limpopo Province, South Africa: a simple econometric approach","Komen K, Olwoch J, Rautenbach H, Botai J, Adebayo A.",Ecohealth. 2015 Mar,12(1):131-43. doi: 10.1007/s10393-014-0992-1. Epub 2014 Dec 17.,Komen K,Ecohealth,2015,12/18/2014,,,10.1007/s10393-014-0992-1,Yes,Already metioned earlier,,,,,,
460,29276618,The long road to elimination: malaria mortality in a South African population cohort over 21 years,"Byass P, Collinson MA, Kabudula C, G?mez-Oliv? FX, Wagner RG, Ngobeni S, Silaule B, Mee P, Coetzee M, Twine W, Tollman SM, Kahn K.",Glob Health Epidemiol Genom. 2017 Jul 25,2:e11. doi: 10.1017/gheg.2017.7. eCollection 2017.,Byass P,Glob Health Epidemiol Genom,2017,12/26/2017,PMC5732580,,10.1017/gheg.2017.7,Yes,,Malaria,Temperature,Vulnerable population,,South Africa,10.1017/gheg.2017.7
,,,,,,,,,,,,,Yes,,Malaria,Rainfall,Vulnerable population,,South Africa,10.1017/gheg.2017.7
462,25435815,A methodological framework for the improved use of routine health system data to evaluate national malaria control programs: evidence from Zambia,"Bennett A, Yukich J, Miller JM, Vounatsou P, Hamainza B, Ingwe MM, Moonga HB, Kamuliwo M, Keating J, Smith TA, Steketee RW, Eisele TP.",Popul Health Metr. 2014 Nov 19,12(1):30. doi: 10.1186/s12963-014-0030-0. eCollection 2014.,Bennett A,Popul Health Metr,2014,12/2/2014,PMC4247605,,10.1186/s12963-014-0030-0,Yes,,Malaria,Temperature,Vulnerable population,,Zambia,https://doi.org/10.1186/s12963-014-0030-0
,,,,,,,,,,,,,Yes,,Malaria,EVI,Vulnerable population,,Zambia,https://doi.org/10.1186/s12963-014-0030-0
466,36164494,From a drought to HIV: An analysis of the effect of droughts on transactional sex and sexually transmitted infections in Malawi,"Treibich C, Bell E, L?pine A, Blanc E.",SSM Popul Health. 2022 Sep 3,19:101221. doi: 10.1016/j.ssmph.2022.101221. eCollection 2022 Sep.,Treibich C,SSM Popul Health,2022,9/27/2022,PMC9508466,,10.1016/j.ssmph.2022.101221,Yes,,Sexually-transmitted,Drought,Female population,,Malawi,https://doi.org/10.1016/j.ssmph.2022.101221
,,,,,,,,,,,,,Yes,,Sexually-transmitted,Drought,Male population,,Malawi,https://doi.org/10.1016/j.ssmph.2022.101221
,,,,,,,,,,,,,Yes,,Sexually-transmitted,Drought,Female population,,Malawi,https://doi.org/10.1016/j.ssmph.2022.101221
468,17083720,The co-distribution of Plasmodium falciparum and hookworm among African schoolchildren,"Brooker S, Clements AC, Hotez PJ, Hay SI, Tatem AJ, Bundy DA, Snow RW.",Malar J. 2006 Nov 3,5:99. doi: 10.1186/1475-2875-5-99.,Brooker S,Malar J,2006,11/7/2006,PMC1635726,,10.1186/1475-2875-5-99,Yes,,STH,LST,Child population,,"Botswana, Burkina Faso, Cameroon, Chad, Eriteria, Gambia, Guinea, Kenya, Mali, Malawi, Mauritania, Mozambique, Namibia, South Africa, Tanzania, Uganda, Zambia", https://doi.org/10.1186/1475-2875-5-99
,,,,,,,,,,,,,Yes,,STH,NDVI,Child population,,"Botswana, Burkina Faso, Cameroon, Chad, Eriteria, Gambia, Guinea, Kenya, Mali, Malawi, Mauritania, Mozambique, Namibia, South Africa, Tanzania, Uganda, Zambia", https://doi.org/10.1186/1475-2875-5-99
473,33159878,Projections of excess mortality related to diurnal temperature range under climate change scenarios: a multi-country modelling study,"Lee W, Kim Y, Sera F, Gasparrini A, Park R, Michelle Choi H, Prifti K, Bell ML, Abrutzky R, Guo Y, Tong S, de Sousa Zanotti Stagliorio Coelho M, Nascimento Saldiva PH, Lavigne E, Orru H, Indermitte E, Jaakkola JJK, Ryti NRI, Pascal M, Goodman P, Zeka A, Hashizume M, Honda Y, Hurtado Diaz M, C?sar Cruz J, Overcenco A, Nunes B, Madureira J, Scovronick N, Acquaotta F, Tobias A, Vicedo-Cabrera AM, Ragettli MS, Guo YL, Chen BY, Li S, Armstrong B, Zanobetti A, Schwartz J, Kim H.",Lancet Planet Health. 2020 Nov,4(11):e512-e521. doi: 10.1016/S2542-5196(20)30222-9.,Lee W,Lancet Planet Health,2020,11/7/2020,PMC7869581,NIHMS1666621,10.1016/S2542-5196(20)30222-9,Yes,,All-cause mortality,Temperature,General population,,South Africa,https://doi.org/10.1016/S2542-5196(20)30222-9
475,20039097,"Impact of temperature variability on cholera incidence in southeastern Africa, 1971-2006",Paz S.,Ecohealth. 2009 Sep,6(3):340-5. doi: 10.1007/s10393-009-0264-7. Epub 2009 Dec 29.,Paz S,Ecohealth,2009,12/30/2009,,,10.1007/s10393-009-0264-7,Yes,Already mentioned earlier,,,,,,
479,35211191,Can we use local climate zones for predicting malaria prevalence across sub-Saharan African cities?,"Brousse O, Georganos S, Demuzere M, Dujardin S, Lennert M, Linard C, Snow RW, Thiery W, van Lipzig NPM.",Environ Res Lett. 2020 Dec 15,15(12):124051. doi: 10.1088/1748-9326/abc996.,Brousse O,Environ Res Lett,2020,2/25/2022,PMC7612418,EMS143224,10.1088/1748-9326/abc996,Yes,,Malaria,NDVI,Vulnerable population,,"Ivory Coast, Ghana, Senegal, Tanzania, Sierra Leone, Uganda, DRC, Nigeria, Kenya",10.1088/1748-9326/abc996
482,27534686,Severe Flooding and Malaria Transmission in the Western Ugandan Highlands: Implications for Disease Control in an Era of Global Climate Change,"Boyce R, Reyes R, Matte M, Ntaro M, Mulogo E, Metlay JP, Band L, Siedner MJ.",J Infect Dis. 2016 Nov 1,214(9):1403-1410. doi: 10.1093/infdis/jiw363. Epub 2016 Aug 17.,Boyce R,J Infect Dis,2016,8/19/2016,PMC5079365,,10.1093/infdis/jiw363,Yes,Already mentioned earlier,,,,,,
483,32552870,Malaria patterns across altitudinal zones of Mount Elgon following intensified control and prevention programs in Uganda,"Siya A, Kalule BJ, Ssentongo B, Lukwa AT, Egeru A.",BMC Infect Dis. 2020 Jun 17,20(1):425. doi: 10.1186/s12879-020-05158-5.,Siya A,BMC Infect Dis,2020,6/20/2020,PMC7301530,,10.1186/s12879-020-05158-5,Yes,,Malaria,Temperature,Vulnerable population,,Uganda,
,,,,,,,,,,,,,Yes,,Malaria,Rainfall,Vulnerable population,,Uganda,
,,,,,,,,,,,,,Yes,,Malaria,NDVI,Vulnerable population,,Uganda,
489,15598256,"Exploring 30 years of malaria case data in KwaZulu-Natal, South Africa: part I. The impact of climatic factors","Craig MH, Kleinschmidt I, Nawn JB, Le Sueur D, Sharp BL.",Trop Med Int Health. 2004 Dec,9(12):1247-57. doi: 10.1111/j.1365-3156.2004.01340.x.,Craig MH,Trop Med Int Health,2004,12/16/2004,,,10.1111/j.1365-3156.2004.01340.x,Yes,,Malaria,Temperature,Vulnerable population,,South Africa,
,,,,,,,,,,,,,Yes,,Malaria,Rainfall,Vulnerable population,,South Africa,
540,36495891,"Environmental heat stress on maternal physiology and fetal blood flow in pregnant subsistence farmers in The Gambia, west Africa: an observational cohort study","Bonell A, Sonko B, Badjie J, Samateh T, Saidy T, Sosseh F, Sallah Y, Bajo K, Murray KA, Hirst J, Vicedo-Cabrera A, Prentice AM, Maxwell NS, Haines A.",Lancet Planet Health. 2022 Dec,6(12):e968-e976. doi: 10.1016/S2542-5196(22)00242-X.,Bonell A,Lancet Planet Health,2022,12/10/2022,PMC9756110,,10.1016/S2542-5196(22)00242-X,Yes,,Birth-related,Temperature,Female population,,Gambia,https://doi.org/10.1016/S2542-5196(22)00242-X
,,,,,,,,,,,,,Yes,,Maternal Strain on fetal strain,Temperature,Female population,,Gambia,https://doi.org/10.1016/S2542-5196(22)00242-X
543,33596876,Geostatistical modeling of malaria prevalence among under-five children in Rwanda,"Nzabakiriraho JD, Gayawan E.",BMC Public Health. 2021 Feb 17,21(1):369. doi: 10.1186/s12889-021-10305-x.,Nzabakiriraho JD,BMC Public Health,2021,2/18/2021,PMC7890836,,10.1186/s12889-021-10305-x,Yes,,Malaria,Temperature,Child population,,Rwanda,https://doi.org/10.1186/s12889-021-10305-x
,,,,,,,,,,,,,Yes,,Malaria,Rainfall,Child population,,Rwanda,https://doi.org/10.1186/s12889-021-10305-x
551,23195508,"A time series analysis of weather variability and all-cause mortality in the Kasena-Nankana Districts of Northern Ghana, 1995-2010","Azongo DK, Awine T, Wak G, Binka FN, Oduro AR.",Glob Health Action. 2012 Nov 23,5:14-22. doi: 10.3402/gha.v5i0.19073.,Azongo DK,Glob Health Action,2012,12/01/2012,PMC3508691,,10.3402/gha.v5i0.19073,Yes,,All-cause mortality,Temperature,General population,,Ghana,10.3402/gha.v5i0.19073
,,,,,,,,,,,,,Yes,,All-cause mortality,Temperature,Male population,,Ghana,10.3402/gha.v5i0.19073
,,,,,,,,,,,,,Yes,,All-cause mortality,Temperature,Female population,,Ghana,10.3402/gha.v5i0.19073
,,,,,,,,,,,,,Yes,,All-cause mortality,Temperature,Child population,,Ghana,10.3402/gha.v5i0.19073
,,,,,,,,,,,,,Yes,,All-cause mortality,Temperature,General population,,Ghana,10.3402/gha.v5i0.19073
,,,,,,,,,,,,,Yes,,All-cause mortality,Temperature,Elderly population,,Ghana,10.3402/gha.v5i0.19073
,,,,,,,,,,,,,Yes,,All-cause mortality,Rainfall,General population,,Ghana,10.3402/gha.v5i0.19073
570,35720791,Climate factors and dengue fever in Burkina Faso from 2017 to 2019,"Ouattara CA, Traore TI, Traore S, Sangare I, Meda CZ, Savadogo LGB.",J Public Health Afr. 2022 May 24,13(1):2145. doi: 10.4081/jphia.2022.2145. eCollection 2022 May 24.,Ouattara CA,J Public Health Afr,2022,6/20/2022,PMC9202460,,10.4081/jphia.2022.2145,Yes,,Dengue,Temperature,Vulnerable population,,Burkina Faso,10.4081/jphia.2022.2145
,,,,,,,,,,,,,Yes,,Dengue,Relative humidity,Vulnerable population,,Burkina Faso,10.4081/jphia.2022.2145
,,,,,,,,,,,,,Yes,,Dengue,Wind,Vulnerable population,,Burkina Faso,10.4081/jphia.2022.2145
579,34732799,Direct association between rainfall and non-typhoidal Salmonella bloodstream infections in hospital-admitted children in the Democratic Republic of Congo,"Tack B, Vita D, Phoba MF, Mbuyi-Kalonji L, Hardy L, Barb? B, Jacobs J, Lunguya O, Jacobs L.",Sci Rep. 2021 Nov 3,11(1):21617. doi: 10.1038/s41598-021-01030-x.,Tack B,Sci Rep,2021,11/04/2021,PMC8566593,,10.1038/s41598-021-01030-x,Yes,,Non-typhoidal Salmonella infection,Rainfall,Child population,,DRC,https://doi.org/10.1038/s41598-021-01030-x
584,29629689,"Seasonal variations in Schistosoma haematobium egg excretion in school-age girls in rural KwaZulu-Natal Province, South Africa","Christensen EE, Taylor M, Zulu SG, Lillebo K, Gundersen SG, Holmen S, Kleppa E, Vennervald BJ, Ndhlovu PD, Kjetland EF.",S Afr Med J. 2018 Mar 28,108(4):352-355. doi: 10.7196/SAMJ.2017.v108i4.12775.,Christensen EE,S Afr Med J,2018,04/10/2018,,,10.7196/SAMJ.2017.v108i4.12775,Yes,,Schistosomiasis,Season,Child population,Female population,South Africa,http://dx.doi.org/10.7196/samj.2018.v108i4.12775 
591,34246783,A large epidemic of a necrotic skin infection in the Democratic Republic of S?o Tom? and Principe: an epidemiological study,"Subissi L, Sousa A, Ba I, Perrocheau A, Quick J, Meredith L, Augustinho E, Sousa BC, Lima V, Luiz J, Diallo AB, Djingarey MH, Da Cruz CA, Pontes FS, Tom? Palmer M, Concei??o M, Santana Gil V, Fall IS.",Int J Infect Dis. 2021 Oct,110 Suppl 1:S69-S76. doi: 10.1016/j.ijid.2021.06.050. Epub 2021 Jul 9.,Subissi L,Int J Infect Dis,2021,07/11/2021,,,10.1016/j.ijid.2021.06.050,Yes,,Necrotic skin infection,Temperature,Vulnerable population,,Sao Tome and Principe,https://doi.org/10.1016/j.ijid.2021.06.050
,,,,,,,,,,,,,Yes,,Necrotic skin infection,Relative humidity,Vulnerable population,,Sao Tome and Principe,https://doi.org/10.1016/j.ijid.2021.06.050
,,,,,,,,,,,,,Yes,,Necrotic skin infection,Rainfall,Vulnerable population,,Sao Tome and Principe,https://doi.org/10.1016/j.ijid.2021.06.050
597,23195509,Time-series analysis of weather and mortality patterns in Nairobi's informal settlements,"Egondi T, Kyobutungi C, Kovats S, Muindi K, Ettarh R, Rockl?v J.",Glob Health Action. 2012 Nov 23,5:23-32. doi: 10.3402/gha.v5i0.19065.,Egondi T,Glob Health Action,2012,12/01/2012,PMC3509073,,10.3402/gha.v5i0.19065,Yes,Already mentioned earlier,,,,,,
598,28591162,Whether weather matters: Evidence of association between in utero meteorological exposures and foetal growth among Indigenous and non-Indigenous mothers in rural Uganda,"MacVicar S, Berrang-Ford L, Harper S, Huang Y, Namanya Bambaiha D, Yang S.",PLoS One. 2017 Jun 7,12(6):e0179010. doi: 10.1371/journal.pone.0179010. eCollection 2017.,MacVicar S,PLoS One,2017,6/8/2017,PMC5462429,,10.1371/journal.pone.0179010,Yes,,Birth-related,Rainfall,Female population,Dependent variable: birth weight,Uganda,https://doi.org/10.1371/journal.pone.0179010
,,,,,,,,,,,,,Yes,,Birth-related,Temperature,Female population,Dependent variable: birth weight,Uganda,https://doi.org/10.1371/journal.pone.0179010
609,34582463,Drought and child vaccination coverage in 22 countries in sub-Saharan Africa: A retrospective analysis of national survey data from 2011 to 2019,"Nagata JM, Epstein A, Ganson KT, Benmarhnia T, Weiser SD.",PLoS Med. 2021 Sep 28,18(9):e1003678. doi: 10.1371/journal.pmed.1003678. eCollection 2021 Sep.,Nagata JM,PLoS Med,2021,9/28/2021,PMC8478213,,10.1371/journal.pmed.1003678,Yes,,Vaccination status,Drought,Child population,,"Angola, Benin, Burundi, Chad, DRC, Gabon, Ghana, Guinea, Kenya, Lesotho, Liberia, Mozambique, Malawi, Namibia, Rwanda, Sierra Leone, South Africa, Tanzana, Togo, Uganda, Zambia, Zimbabwe",https://doi.org/10.1371/journal.pmed.1003678
613,22239855,"Changes in malaria morbidity and mortality in Mpumalanga Province, South Africa (2001-2009): a retrospective study","Ngomane L, de Jager C.",Malar J. 2012 Jan 13,11:19. doi: 10.1186/1475-2875-11-19.,Ngomane L,Malar J,2012,1/14/2012,PMC3292497,,10.1186/1475-2875-11-19,Yes,,Malaria,Rainfall,Vulnerable population,,South Africa,https://doi.org/10.1186/1475-2875-11-19
614,34479931,Seasonality of adverse birth outcomes in women with and without HIV in a representative birth outcomes surveillance study in Botswana,"Caniglia EC, Abrams J, Diseko M, Mayondi G, Mabuta J, Makhema J, Mmalane M, Lockman S, Bernstein A, Zash R, Shapiro R.",BMJ Open. 2021 Sep 3,11(9):e045882. doi: 10.1136/bmjopen-2020-045882.,Caniglia EC,BMJ Open,2021,9/4/2021,PMC8420660,,10.1136/bmjopen-2020-045882,Yes,,Birth-related,Season,Female population,,Botswana,http://dx.doi.org/10.1136/bmjopen-2020-045882
619,Environmental and meteorological factors linked to malaria transmission around large dams at three ecological settings in Ethiopia,Environmental and meteorological factors linked to malaria transmission around large dams at three ecological settings in Ethiopia,"Kibret S, Glenn Wilson G, Ryder D, Tekie H, Petros B.",Malar J. 2019 Feb 26,18(1):54. doi: 10.1186/s12936-019-2689-y.,Kibret S,Malar J,2019,2/28/2019,PMC6390543,,10.1186/s12936-019-2689-y,Yes,,Malaria,NDVI,Vulnerable population,,Ethiopia,https://doi.org/10.1186/s12936-019-2689-y
,,,,,,,,,,,,,Yes,,Malaria,Temperature,Vulnerable population,,Ethiopia,https://doi.org/10.1186/s12936-019-2689-y
,,,,,,,,,,,,,Yes,,Malaria,Rainfall,Vulnerable population,,Ethiopia,https://doi.org/10.1186/s12936-019-2689-y
629,18433488,Addressing diarrhea prevalence in the West African Middle Belt: social and geographic dimensions in a case study for Benin,"Pande S, Keyzer MA, Arouna A, Sonneveld BG.",Int J Health Geogr. 2008 Apr 23,7:17. doi: 10.1186/1476-072X-7-17.,Pande S,Int J Health Geogr,2008,4/25/2008,PMC2377241,,10.1186/1476-072X-7-17,Yes,,Diarrhea,Rainfall,Child population,,Benin,https://doi.org/10.1186/1476-072X-7-17
632,23195507,The influence of weather on mortality in rural Tanzania: a time-series analysis 1999-2010,"Mrema S, Shamte A, Selemani M, Masanja H.",Glob Health Action. 2012 Nov 23,5:33-43. doi: 10.3402/gha.v5i0.19068.,Mrema S,Glob Health Action,2012,12/1/2012,PMC3508916,,10.3402/gha.v5i0.19068,Yes,,All-cause mortality,Rainfall,Child population,,Tanzania,10.3402/gha.v5i0.19068
,,,,,,,,,,,,,Yes,,All-cause mortality,Temperature,Child population,,Tanzania,10.3402/gha.v5i0.19068
,,,,,,,,,,,,,Yes,,All-cause mortality,Temperature,General population,,Tanzania,10.3402/gha.v5i0.19068
,,,,,,,,,,,,,Yes,,All-cause mortality,Temperature,Elderly population,,Tanzania,10.3402/gha.v5i0.19068
638,31798311,"A One Health perspective to identify environmental factors that affect Rift Valley fever transmission in Gezira state, Central Sudan","Bashir RSE, Hassan OA.",Trop Med Health. 2019 Nov 27,47:54. doi: 10.1186/s41182-019-0178-1. eCollection 2019.,Bashir RSE,Trop Med Health,2019,12/5/2019,PMC6880409,,10.1186/s41182-019-0178-1,Yes,,Rift Valley Fever,NDVI,Vulnerable population,,Sudan,https://doi.org/10.1186/s41182-019-0178-1
642,32191701,Drought and intimate partner violence towards women in 19 countries in sub-Saharan Africa during 2011-2018: A?population-based study,"Epstein A, Bendavid E, Nash D, Charlebois ED, Weiser SD.",PLoS Med. 2020 Mar 19,17(3):e1003064. doi: 10.1371/journal.pmed.1003064. eCollection 2020 Mar.,Epstein A,PLoS Med,2020,3/20/2020,PMC7081984,,10.1371/journal.pmed.1003064,Yes,,Intimate Partner Violence,Drought,Female population,,"Sierra Leone, Togo, Benin, Cote d'Ivoire, Cameroon, Gabon, Chad, DRC, Rwanda, Burundi, Uganda, Kenya, Tanzania, Malawi, Mozambique, Zimbabwe, Zambia, Angola, Namibia",
646,34245712,"Global, regional, and national burden of mortality associated with non-optimal ambient temperatures from 2000 to 2019: a three-stage modelling study","Zhao Q, Guo Y, Ye T, Gasparrini A, Tong S, Overcenco A, Urban A, Schneider A, Entezari A, Vicedo-Cabrera AM, Zanobetti A, Analitis A, Zeka A, Tobias A, Nunes B, Alahmad B, Armstrong B, Forsberg B, Pan SC, ??iguez C, Ameling C, De la Cruz Valencia C, ?str?m C, Houthuijs D, Dung DV, Roy? D, Indermitte E, Lavigne E, Mayvaneh F, Acquaotta F, de'Donato F, Di Ruscio F, Sera F, Carrasco-Escobar G, Kan H, Orru H, Kim H, Holobaca IH, Kysel? J, Madureira J, Schwartz J, Jaakkola JJK, Katsouyanni K, Hurtado Diaz M, Ragettli MS, Hashizume M, Pascal M, de Sousa Zanotti Stagliorio Co?lho M, Vald?s Ortega N, Ryti N, Scovronick N, Michelozzi P, Matus Correa P, Goodman P, Nascimento Saldiva PH, Abrutzky R, Osorio S, Rao S, Fratianni S, Dang TN, Colistro V, Huber V, Lee W, Seposo X, Honda Y, Guo YL, Bell ML, Li S.",Lancet Planet Health. 2021 Jul,5(7):e415-e425. doi: 10.1016/S2542-5196(21)00081-4.,Zhao Q,Lancet Planet Health,2021,7/10/2021,,,10.1016/S2542-5196(21)00081-4,Yes,,All-cause mortality,Temperature,General population,,South Africa,https://doi.org/10.1016/S2542-5196(21)00081-4